row_index,model_name,fold,y_true,y_pred,y_score
26,LogisticRegression,1,1,0,0.07040817645330966
32,LogisticRegression,1,1,1,0.9790330633618506
34,LogisticRegression,1,0,0,0.26024923437168607
50,LogisticRegression,1,1,1,0.7854108466400217
51,LogisticRegression,1,1,1,0.8955902268216406
57,LogisticRegression,1,1,1,0.7703216654178681
60,LogisticRegression,1,1,1,0.828798486459141
97,LogisticRegression,1,1,1,0.7162593468690844
137,LogisticRegression,1,0,0,0.1434294321482091
139,LogisticRegression,1,1,1,0.946863182444322
147,LogisticRegression,1,0,0,0.11910009513688354
148,LogisticRegression,1,0,0,0.08859625230899683
154,LogisticRegression,1,1,1,0.8270007762765721
158,LogisticRegression,1,1,1,0.9326977792205917
160,LogisticRegression,1,1,1,0.6660166201153032
162,LogisticRegression,1,1,1,0.9723523609760338
171,LogisticRegression,1,1,1,0.9166776179108298
179,LogisticRegression,1,1,1,0.7953532357963569
181,LogisticRegression,1,1,1,0.9391949002648851
228,LogisticRegression,1,1,1,0.9633135650320876
231,LogisticRegression,1,1,1,0.740420777029994
242,LogisticRegression,1,1,1,0.5285480480407893
246,LogisticRegression,1,1,1,0.9736973916567346
261,LogisticRegression,1,1,0,0.49512265473202094
272,LogisticRegression,1,1,1,0.6579445039895127
273,LogisticRegression,1,1,1,0.9502158512444007
287,LogisticRegression,1,1,1,0.824001674344793
294,LogisticRegression,1,1,0,0.3667815114795263
296,LogisticRegression,1,1,0,0.440190757972326
301,LogisticRegression,1,1,1,0.8714185558570928
302,LogisticRegression,1,1,1,0.8339414355786849
305,LogisticRegression,1,1,1,0.9664148981675315
318,LogisticRegression,1,1,1,0.8856880373735153
322,LogisticRegression,1,1,1,0.8172157832056939
323,LogisticRegression,1,1,1,0.80107657977008
325,LogisticRegression,1,1,1,0.969913660806941
327,LogisticRegression,1,1,1,0.8780157200660251
333,LogisticRegression,1,0,1,0.5531661315740115
368,LogisticRegression,1,1,1,0.690846918526949
369,LogisticRegression,1,0,0,0.29023119276885917
375,LogisticRegression,1,0,0,0.050943067715714836
388,LogisticRegression,1,1,1,0.8491781674327336
392,LogisticRegression,1,0,0,0.1904029639643677
393,LogisticRegression,1,0,0,0.042931221072865226
396,LogisticRegression,1,0,0,0.26213285874596703
469,LogisticRegression,1,0,0,0.2919358397841463
501,LogisticRegression,1,1,1,0.6255734296644644
510,LogisticRegression,1,1,0,0.305117458376909
511,LogisticRegression,1,1,1,0.7010343761550165
512,LogisticRegression,1,1,0,0.3476018507390786
520,LogisticRegression,1,0,0,0.11901444480984423
521,LogisticRegression,1,0,0,0.08752011531403592
523,LogisticRegression,1,1,1,0.9723250204008895
530,LogisticRegression,1,1,0,0.30357881225335176
546,LogisticRegression,1,1,1,0.6102020107116627
560,LogisticRegression,1,1,1,0.7302305362319046
564,LogisticRegression,1,1,1,0.7406942880825522
567,LogisticRegression,1,0,0,0.10738059028274519
573,LogisticRegression,1,1,1,0.7111899183901929
603,LogisticRegression,1,1,1,0.7156947948871858
608,LogisticRegression,1,1,1,0.9680439286770256
613,LogisticRegression,1,1,1,0.753070826964608
620,LogisticRegression,1,1,1,0.8473696135333657
630,LogisticRegression,1,0,1,0.8043807017675241
641,LogisticRegression,1,0,1,0.6031001802393646
646,LogisticRegression,1,1,1,0.9765682447248132
660,LogisticRegression,1,1,1,0.7372546835202933
662,LogisticRegression,1,1,1,0.9132999216403899
671,LogisticRegression,1,1,1,0.8965487820401777
675,LogisticRegression,1,1,0,0.30549439228617276
684,LogisticRegression,1,1,1,0.9127713158273133
709,LogisticRegression,1,1,0,0.15454426586699263
733,LogisticRegression,1,0,0,1.72231541529588e-05
739,LogisticRegression,1,0,0,0.09514077834682062
744,LogisticRegression,1,1,1,0.9657123116984793
755,LogisticRegression,1,0,0,0.39441558846321906
10,LogisticRegression,2,1,1,0.8667567948294
27,LogisticRegression,2,1,1,0.8630425287113203
31,LogisticRegression,2,1,1,0.9887687931707461
36,LogisticRegression,2,1,1,0.5763791005519404
39,LogisticRegression,2,1,0,0.449090151928528
40,LogisticRegression,2,1,1,0.8887562871585658
44,LogisticRegression,2,0,1,0.7381810455208011
48,LogisticRegression,2,1,1,0.8926283526070788
55,LogisticRegression,2,1,1,0.9261818344650496
59,LogisticRegression,2,1,1,0.6013910010403002
66,LogisticRegression,2,1,0,0.4683706090815305
80,LogisticRegression,2,0,0,0.27159276129843807
84,LogisticRegression,2,1,0,0.3260318013894292
86,LogisticRegression,2,1,0,0.44868185639511415
93,LogisticRegression,2,1,1,0.814037364971369
96,LogisticRegression,2,1,1,0.9819540698309436
113,LogisticRegression,2,1,0,0.47698489378591363
114,LogisticRegression,2,1,1,0.7227211931006425
121,LogisticRegression,2,1,1,0.9322154121344274
127,LogisticRegression,2,0,1,0.6494604055293148
131,LogisticRegression,2,1,0,0.4824615435584886
133,LogisticRegression,2,1,1,0.5562687297624715
135,LogisticRegression,2,0,0,0.07965540609914745
146,LogisticRegression,2,0,0,0.27299910029222135
151,LogisticRegression,2,1,0,0.32750570646265137
167,LogisticRegression,2,1,1,0.907408868968691
182,LogisticRegression,2,1,1,0.6024193967850818
184,LogisticRegression,2,1,1,0.9848842791190412
198,LogisticRegression,2,1,0,0.49767878969997564
207,LogisticRegression,2,0,0,0.15976670306551533
262,LogisticRegression,2,1,0,0.3122160870088637
268,LogisticRegression,2,0,0,0.1152209640954271
270,LogisticRegression,2,1,1,0.7644930083807051
275,LogisticRegression,2,1,1,0.9742348887402505
283,LogisticRegression,2,1,1,0.7759269759661546
286,LogisticRegression,2,1,1,0.9884560611318302
308,LogisticRegression,2,1,1,0.8634306454820784
315,LogisticRegression,2,1,1,0.6137886371032268
335,LogisticRegression,2,0,1,0.6889956367730291
339,LogisticRegression,2,1,1,0.9997511092768022
350,LogisticRegression,2,1,1,0.7529731715454888
352,LogisticRegression,2,1,1,0.6567219062756731
378,LogisticRegression,2,1,0,0.3842901269917043
379,LogisticRegression,2,1,0,0.4840905346391243
391,LogisticRegression,2,0,0,0.39717573394015726
410,LogisticRegression,2,0,0,0.3929092224106719
415,LogisticRegression,2,1,1,0.6983748212353552
419,LogisticRegression,2,1,1,0.6339406403486841
454,LogisticRegression,2,1,1,0.8998372938159216
459,LogisticRegression,2,0,0,0.40945791241406965
470,LogisticRegression,2,0,0,0.08755366644852268
471,LogisticRegression,2,0,1,0.5797013144040865
496,LogisticRegression,2,1,0,0.395490058081637
503,LogisticRegression,2,1,1,0.7241374315564023
505,LogisticRegression,2,1,1,0.7915528832557104
522,LogisticRegression,2,1,1,0.920129615450683
542,LogisticRegression,2,0,0,0.16706787869086387
549,LogisticRegression,2,1,1,0.9405516576788202
555,LogisticRegression,2,1,0,0.31390810784701795
558,LogisticRegression,2,1,1,0.9072863856557171
587,LogisticRegression,2,0,0,0.15475660357804744
599,LogisticRegression,2,1,1,0.8541387751006739
606,LogisticRegression,2,1,1,0.98608250809993
611,LogisticRegression,2,0,1,0.888819540325362
632,LogisticRegression,2,0,1,0.7525025319670671
656,LogisticRegression,2,1,1,0.7680886336200997
673,LogisticRegression,2,1,1,0.7428141878657226
680,LogisticRegression,2,1,0,0.26462088911859966
700,LogisticRegression,2,1,0,0.1408695184453641
704,LogisticRegression,2,0,0,0.07610301019765278
724,LogisticRegression,2,1,0,0.05260960505111977
729,LogisticRegression,2,1,0,0.3562184791007649
732,LogisticRegression,2,0,0,0.0010965539163819858
745,LogisticRegression,2,1,1,0.8203037216395347
746,LogisticRegression,2,1,1,0.9672805697976363
749,LogisticRegression,2,1,0,0.30082375431566216
11,LogisticRegression,3,1,1,0.5234950909109329
15,LogisticRegression,3,1,0,0.4654471537370362
19,LogisticRegression,3,1,0,0.24631955617855006
20,LogisticRegression,3,1,1,0.7475446871556145
25,LogisticRegression,3,1,0,0.2267796129358583
33,LogisticRegression,3,0,0,0.4581031015219276
41,LogisticRegression,3,1,0,0.49487321106926
56,LogisticRegression,3,1,1,0.8671810726164858
65,LogisticRegression,3,1,1,0.9393901499951908
70,LogisticRegression,3,1,0,0.4559459333990771
117,LogisticRegression,3,1,1,0.5883799458317513
125,LogisticRegression,3,0,0,0.25192163325910577
134,LogisticRegression,3,1,0,0.44056743378453167
144,LogisticRegression,3,0,0,0.31109138642726797
145,LogisticRegression,3,0,0,0.4853569033949275
156,LogisticRegression,3,1,1,0.9196400514157524
168,LogisticRegression,3,1,1,0.990722982860582
170,LogisticRegression,3,1,1,0.9343341702662556
200,LogisticRegression,3,1,1,0.8095884442321004
203,LogisticRegression,3,1,0,0.3173896324726523
204,LogisticRegression,3,1,1,0.6118459937710365
208,LogisticRegression,3,0,0,0.10257896620883411
217,LogisticRegression,3,1,1,0.9132553798687645
218,LogisticRegression,3,1,1,0.7955084091965865
220,LogisticRegression,3,0,1,0.707554207058909
255,LogisticRegression,3,1,0,0.4558859743159947
256,LogisticRegression,3,1,0,0.4434554022316943
267,LogisticRegression,3,0,0,0.14638890250553988
289,LogisticRegression,3,0,0,0.20146802351600135
295,LogisticRegression,3,1,0,0.36606821458871963
328,LogisticRegression,3,1,1,0.6038062602864092
341,LogisticRegression,3,1,1,0.7560384810115376
345,LogisticRegression,3,1,1,0.8578399767039364
355,LogisticRegression,3,1,1,0.923324608573511
372,LogisticRegression,3,1,1,0.9675167217593538
377,LogisticRegression,3,0,1,0.5691520073680443
385,LogisticRegression,3,1,1,0.9933872831564847
394,LogisticRegression,3,0,0,0.14663781257611863
402,LogisticRegression,3,1,1,0.9558320350259247
404,LogisticRegression,3,1,1,0.7667941565300194
413,LogisticRegression,3,1,1,0.8882219781937443
416,LogisticRegression,3,1,1,0.6348526766668774
423,LogisticRegression,3,1,1,0.9960869901194255
434,LogisticRegression,3,1,1,0.9630475131718056
439,LogisticRegression,3,1,1,0.6855335228683148
447,LogisticRegression,3,0,0,0.13769809918931916
461,LogisticRegression,3,0,1,0.6867866027401652
463,LogisticRegression,3,1,1,0.6867352653416275
472,LogisticRegression,3,0,1,0.7011789817569645
474,LogisticRegression,3,1,1,0.815829555630116
476,LogisticRegression,3,1,0,0.48426478793183086
481,LogisticRegression,3,1,0,0.3366727320801367
482,LogisticRegression,3,1,0,0.44405234381250985
488,LogisticRegression,3,1,1,0.7824768398046508
499,LogisticRegression,3,1,1,0.8701777027160724
502,LogisticRegression,3,1,1,0.7164422553282934
509,LogisticRegression,3,1,1,0.9551083396766615
513,LogisticRegression,3,1,1,0.9792673659315492
514,LogisticRegression,3,1,1,0.9909077356843599
572,LogisticRegression,3,1,1,0.7516206107255635
589,LogisticRegression,3,0,0,0.1590092193920313
592,LogisticRegression,3,1,1,0.6905150279125905
598,LogisticRegression,3,1,1,0.933138357886333
600,LogisticRegression,3,1,1,0.910100586682361
601,LogisticRegression,3,1,1,0.8686892691215501
612,LogisticRegression,3,1,1,0.7993107980842925
645,LogisticRegression,3,1,1,0.6803841013507396
666,LogisticRegression,3,0,1,0.6177148524965098
668,LogisticRegression,3,0,1,0.6401819563092002
688,LogisticRegression,3,1,1,0.9615419223737537
696,LogisticRegression,3,0,0,0.016036759901573997
702,LogisticRegression,3,0,0,0.425079748962327
715,LogisticRegression,3,1,1,0.677029542753181
723,LogisticRegression,3,1,0,0.11577326457803702
727,LogisticRegression,3,0,1,0.605362663619941
743,LogisticRegression,3,1,1,0.8365729005044442
9,LogisticRegression,4,1,1,0.614373533614229
13,LogisticRegression,4,1,1,0.742241564055647
21,LogisticRegression,4,1,0,0.3681546615802914
22,LogisticRegression,4,1,1,0.5971641413924426
28,LogisticRegression,4,1,1,0.7148405705399438
61,LogisticRegression,4,1,1,0.8369926916932247
72,LogisticRegression,4,0,0,0.17210824001378233
77,LogisticRegression,4,1,0,0.47815636557476815
100,LogisticRegression,4,0,1,0.5158606712364452
104,LogisticRegression,4,0,0,0.27036285021582135
106,LogisticRegression,4,1,0,0.44139607303474593
116,LogisticRegression,4,1,1,0.6435940798429759
120,LogisticRegression,4,1,1,0.8353291889399567
126,LogisticRegression,4,0,0,0.37051354228582756
150,LogisticRegression,4,1,0,0.38537721925210777
157,LogisticRegression,4,1,1,0.8487592507280928
180,LogisticRegression,4,1,1,0.6678454951854987
191,LogisticRegression,4,1,1,0.9276237432527051
193,LogisticRegression,4,1,1,0.9915862361874593
206,LogisticRegression,4,1,1,0.9262693253078755
211,LogisticRegression,4,1,1,0.967888129232165
229,LogisticRegression,4,1,1,0.9028006115942563
260,LogisticRegression,4,1,1,0.9479990116849074
264,LogisticRegression,4,1,0,0.1824787278208392
269,LogisticRegression,4,0,0,0.07997084880676593
282,LogisticRegression,4,1,1,0.5591605616938001
284,LogisticRegression,4,1,1,0.5131823506089765
290,LogisticRegression,4,0,0,0.3122334768773541
297,LogisticRegression,4,1,0,0.33041568155738793
312,LogisticRegression,4,1,0,0.39528472045630897
320,LogisticRegression,4,1,1,0.8788124546826563
324,LogisticRegression,4,1,1,0.9872437648430333
331,LogisticRegression,4,1,1,0.7556000493408412
337,LogisticRegression,4,1,1,0.9091403181331753
344,LogisticRegression,4,1,1,0.5316724782965082
400,LogisticRegression,4,1,1,0.5707095838501094
424,LogisticRegression,4,1,1,0.8970593788571036
425,LogisticRegression,4,1,1,0.9418697614337377
436,LogisticRegression,4,1,0,0.45032202686139944
438,LogisticRegression,4,1,1,0.9057360397853162
455,LogisticRegression,4,1,1,0.7980898969747601
477,LogisticRegression,4,1,1,0.82132645774311
484,LogisticRegression,4,1,0,0.32035351378406296
489,LogisticRegression,4,0,0,0.3647440479939398
507,LogisticRegression,4,1,1,0.9309222749220026
517,LogisticRegression,4,1,1,0.9808029207729341
528,LogisticRegression,4,1,0,0.15898822552174613
533,LogisticRegression,4,1,0,0.18967255633677893
536,LogisticRegression,4,0,0,0.03864020968457069
540,LogisticRegression,4,0,0,0.026521685568682066
550,LogisticRegression,4,1,1,0.9077163162230456
552,LogisticRegression,4,1,1,0.9417342371228133
554,LogisticRegression,4,1,1,0.9844969852814084
557,LogisticRegression,4,1,0,0.20198999530573916
561,LogisticRegression,4,0,0,0.033860708192612915
569,LogisticRegression,4,0,0,0.05901061078365852
571,LogisticRegression,4,1,1,0.8168946977235141
586,LogisticRegression,4,0,1,0.5020530977311771
590,LogisticRegression,4,0,0,0.17727301997167585
595,LogisticRegression,4,0,0,0.18121923316386204
615,LogisticRegression,4,1,0,0.401862327429542
617,LogisticRegression,4,1,1,0.5338372529040689
624,LogisticRegression,4,1,0,0.3448151688935499
625,LogisticRegression,4,1,0,0.3043890055431685
644,LogisticRegression,4,1,1,0.9425906979299516
647,LogisticRegression,4,1,1,0.7940946794141709
649,LogisticRegression,4,0,0,0.08173216245827682
652,LogisticRegression,4,1,1,0.5539582850259217
659,LogisticRegression,4,0,1,0.5668563646405103
674,LogisticRegression,4,1,0,0.4215374120698077
694,LogisticRegression,4,1,0,0.48844639038442017
707,LogisticRegression,4,0,0,0.14952214938237018
717,LogisticRegression,4,1,1,0.589913203677865
734,LogisticRegression,4,0,0,0.0014770264962875616
741,LogisticRegression,4,1,1,0.7941844990432986
753,LogisticRegression,4,0,0,0.07784674434629216
2,LogisticRegression,5,1,1,0.9904793292088836
6,LogisticRegression,5,1,0,0.31034454732199723
12,LogisticRegression,5,1,1,0.931228217986555
16,LogisticRegression,5,1,1,0.7281772266708243
23,LogisticRegression,5,1,0,0.24406779302628634
29,LogisticRegression,5,1,1,0.7796877583462609
45,LogisticRegression,5,1,1,0.9872308019362616
64,LogisticRegression,5,1,1,0.7826093833851954
68,LogisticRegression,5,1,0,0.1347360538822587
79,LogisticRegression,5,0,0,0.14073600851764245
81,LogisticRegression,5,0,1,0.7659956617775191
92,LogisticRegression,5,1,1,0.9961393629255844
101,LogisticRegression,5,0,0,0.3321364262202475
105,LogisticRegression,5,1,1,0.6040227690560677
108,LogisticRegression,5,1,0,0.30841317034910903
118,LogisticRegression,5,1,1,0.5577784667160338
124,LogisticRegression,5,0,0,0.025257617216076243
130,LogisticRegression,5,1,1,0.8234506666952346
136,LogisticRegression,5,0,0,0.24778386111616915
143,LogisticRegression,5,0,0,0.2500957038354552
164,LogisticRegression,5,1,1,0.9795906313635954
185,LogisticRegression,5,1,1,0.9740529127926971
196,LogisticRegression,5,0,0,0.22506754238555132
249,LogisticRegression,5,0,1,0.8415088694337629
253,LogisticRegression,5,1,1,0.7292833145054556
257,LogisticRegression,5,1,0,0.283339410115379
263,LogisticRegression,5,1,0,0.4577797519028935
265,LogisticRegression,5,1,0,0.48117814787946156
274,LogisticRegression,5,1,1,0.7896968557366695
276,LogisticRegression,5,1,0,0.3303821747365241
280,LogisticRegression,5,1,0,0.4891485293980122
293,LogisticRegression,5,1,1,0.9985374745764874
303,LogisticRegression,5,1,1,0.87052761208637
321,LogisticRegression,5,1,1,0.5337726148467931
326,LogisticRegression,5,1,1,0.9816456126525313
329,LogisticRegression,5,1,1,0.838060057707024
358,LogisticRegression,5,0,0,0.060540705169992076
370,LogisticRegression,5,0,0,0.2989583015974824
371,LogisticRegression,5,0,1,0.5175069278072901
373,LogisticRegression,5,1,1,0.976403533362735
382,LogisticRegression,5,1,1,0.9030332596209879
386,LogisticRegression,5,1,1,0.6269999988909865
408,LogisticRegression,5,0,0,0.19454989594726768
409,LogisticRegression,5,0,0,0.1583104664273396
417,LogisticRegression,5,1,1,0.9399778190308028
427,LogisticRegression,5,1,1,0.9999049182539494
465,LogisticRegression,5,1,1,0.6956583385188259
479,LogisticRegression,5,1,1,0.6863440225232135
480,LogisticRegression,5,1,0,0.2802949835391287
504,LogisticRegression,5,1,1,0.8432414113073827
506,LogisticRegression,5,1,1,0.8731295056832133
519,LogisticRegression,5,0,0,0.20816179955710876
524,LogisticRegression,5,1,1,0.9612398631439151
538,LogisticRegression,5,1,1,0.9824571616939929
544,LogisticRegression,5,1,1,0.577464363171497
547,LogisticRegression,5,1,1,0.5887733815863714
562,LogisticRegression,5,0,0,0.11527051372063164
566,LogisticRegression,5,1,1,0.952159173288782
575,LogisticRegression,5,1,1,0.9447557401831939
579,LogisticRegression,5,1,1,0.7120644064583623
582,LogisticRegression,5,0,0,0.1510882945044261
583,LogisticRegression,5,0,0,0.24483240348273277
619,LogisticRegression,5,1,1,0.9813088408776279
623,LogisticRegression,5,1,1,0.8672963277308545
628,LogisticRegression,5,1,0,0.4560715784294745
638,LogisticRegression,5,1,0,0.3461226878046803
655,LogisticRegression,5,1,1,0.9328458052768791
683,LogisticRegression,5,1,1,0.9787963015282957
687,LogisticRegression,5,1,1,0.8195647879865092
693,LogisticRegression,5,1,0,0.35230600020292424
708,LogisticRegression,5,1,0,0.19154586962119008
716,LogisticRegression,5,1,1,0.8314848505144419
726,LogisticRegression,5,0,1,0.8025999245982646
747,LogisticRegression,5,1,0,0.4947694118046344
750,LogisticRegression,5,0,0,0.07635239896602072
752,LogisticRegression,5,0,1,0.8936277013717265
5,LogisticRegression,6,1,1,0.8292345435483738
43,LogisticRegression,6,0,1,0.763038255042995
46,LogisticRegression,6,1,1,0.9800932345142427
67,LogisticRegression,6,1,0,0.23789871050972042
69,LogisticRegression,6,1,0,0.4731157426986978
74,LogisticRegression,6,0,0,0.0317532358663354
76,LogisticRegression,6,1,1,0.6553330326712588
85,LogisticRegression,6,1,1,0.7158617654297895
87,LogisticRegression,6,0,0,0.17718727887581878
95,LogisticRegression,6,1,1,0.691281261589742
102,LogisticRegression,6,0,0,0.38623277960849184
103,LogisticRegression,6,0,0,0.4646396728901406
132,LogisticRegression,6,1,0,0.4097587066602579
140,LogisticRegression,6,1,1,0.9747659739982333
142,LogisticRegression,6,0,0,0.14994409778006218
155,LogisticRegression,6,1,1,0.9246835491032879
161,LogisticRegression,6,1,1,0.7331971792705863
165,LogisticRegression,6,1,1,0.9613196655186201
166,LogisticRegression,6,1,1,0.8668918159102119
176,LogisticRegression,6,1,1,0.6126466144165756
183,LogisticRegression,6,1,1,0.9162411086435749
190,LogisticRegression,6,1,1,0.8399414828362036
197,LogisticRegression,6,0,0,0.36612995905796963
201,LogisticRegression,6,1,0,0.15427136940205385
222,LogisticRegression,6,1,1,0.5063451909970011
232,LogisticRegression,6,1,1,0.8354662196444312
234,LogisticRegression,6,0,1,0.6857219583288656
245,LogisticRegression,6,1,1,0.9965389973295155
258,LogisticRegression,6,1,1,0.9196289125440631
271,LogisticRegression,6,1,1,0.7705000043498991
291,LogisticRegression,6,1,1,0.9942449379466666
300,LogisticRegression,6,1,1,0.8807150869165071
309,LogisticRegression,6,0,0,0.1832640110965575
317,LogisticRegression,6,1,1,0.821108280522384
342,LogisticRegression,6,1,0,0.3502064609142496
346,LogisticRegression,6,1,1,0.9679697194851897
347,LogisticRegression,6,1,1,0.9236243124059536
363,LogisticRegression,6,1,0,0.4401951540223988
364,LogisticRegression,6,1,1,0.5721381115210502
367,LogisticRegression,6,1,1,0.835633415027372
380,LogisticRegression,6,1,0,0.49701517752339036
384,LogisticRegression,6,1,0,0.46690541548556275
395,LogisticRegression,6,0,0,0.06924455418389647
399,LogisticRegression,6,1,0,0.49236517464467355
418,LogisticRegression,6,1,1,0.9847583550106161
421,LogisticRegression,6,1,1,0.8347457724338427
426,LogisticRegression,6,1,1,0.9993361302339702
449,LogisticRegression,6,0,0,0.15728338782876072
450,LogisticRegression,6,1,1,0.7489228574517616
462,LogisticRegression,6,1,1,0.680634442842815
466,LogisticRegression,6,1,1,0.8004967494291836
475,LogisticRegression,6,1,0,0.3559126682943717
493,LogisticRegression,6,1,1,0.6334028485360895
535,LogisticRegression,6,0,0,0.10070804375338523
556,LogisticRegression,6,1,0,0.4763755169971774
563,LogisticRegression,6,0,0,0.10174239789150387
570,LogisticRegression,6,1,1,0.7126199492919462
581,LogisticRegression,6,1,1,0.7882019027652077
584,LogisticRegression,6,0,0,0.10414265693577751
604,LogisticRegression,6,1,0,0.14020202333473725
607,LogisticRegression,6,1,1,0.9706424863147366
622,LogisticRegression,6,1,1,0.9209884024583926
626,LogisticRegression,6,1,0,0.4205507555552736
636,LogisticRegression,6,1,0,0.15229362875045088
654,LogisticRegression,6,1,1,0.7303725332416318
667,LogisticRegression,6,0,1,0.6692349287753392
681,LogisticRegression,6,1,1,0.9554991173288723
685,LogisticRegression,6,1,1,0.8957622836952082
706,LogisticRegression,6,0,0,0.31979087255250643
710,LogisticRegression,6,1,1,0.5162882557564278
713,LogisticRegression,6,0,0,0.3719882185808429
722,LogisticRegression,6,1,0,0.49577275723866826
731,LogisticRegression,6,1,0,0.4508216450497969
737,LogisticRegression,6,0,1,0.6734970625717389
751,LogisticRegression,6,0,0,0.05004152511576222
754,LogisticRegression,6,0,0,0.2062679178493071
8,LogisticRegression,7,1,0,0.23853628898922485
35,LogisticRegression,7,0,0,0.21058348278599706
49,LogisticRegression,7,1,1,0.7651085409440138
53,LogisticRegression,7,1,1,0.7368126903526688
54,LogisticRegression,7,1,1,0.7738616186671889
63,LogisticRegression,7,1,1,0.927831847411378
82,LogisticRegression,7,0,1,0.5545526616994777
98,LogisticRegression,7,1,1,0.964498452011318
110,LogisticRegression,7,1,1,0.7523721856126538
129,LogisticRegression,7,1,1,0.7245895040558981
138,LogisticRegression,7,1,1,0.9998930586915009
153,LogisticRegression,7,1,1,0.8928821336676286
178,LogisticRegression,7,1,1,0.7748345625863474
189,LogisticRegression,7,1,1,0.7457474596133524
192,LogisticRegression,7,1,1,0.9983889830263895
214,LogisticRegression,7,1,0,0.3869616816447862
225,LogisticRegression,7,0,0,0.22528314294963592
226,LogisticRegression,7,0,0,0.25427425122902747
238,LogisticRegression,7,1,1,0.6451846658354592
241,LogisticRegression,7,1,0,0.49574026678322963
247,LogisticRegression,7,1,1,0.8624940677526994
259,LogisticRegression,7,1,1,0.867292107432328
292,LogisticRegression,7,1,1,0.97029480939672
299,LogisticRegression,7,1,0,0.34313974025115207
310,LogisticRegression,7,0,0,0.27606931967138404
313,LogisticRegression,7,1,1,0.8747894327368471
316,LogisticRegression,7,1,1,0.5269375189228391
340,LogisticRegression,7,1,1,0.8853162737175369
353,LogisticRegression,7,1,1,0.8047554420460956
356,LogisticRegression,7,1,1,0.8918647317296007
357,LogisticRegression,7,0,0,0.21259402997816332
360,LogisticRegression,7,1,0,0.34359841440243993
365,LogisticRegression,7,1,1,0.5918960453421327
389,LogisticRegression,7,1,1,0.7864640876195158
398,LogisticRegression,7,0,0,0.07675788918948925
401,LogisticRegression,7,1,1,0.5071594565888482
405,LogisticRegression,7,0,0,0.12978195664681128
406,LogisticRegression,7,0,0,0.24134748093274305
411,LogisticRegression,7,1,1,0.9312368514152184
412,LogisticRegression,7,1,1,0.660769484647419
428,LogisticRegression,7,1,1,0.9991011222469384
431,LogisticRegression,7,1,0,0.4389657563594504
435,LogisticRegression,7,1,0,0.3429144208082808
441,LogisticRegression,7,1,0,0.4531549204721313
446,LogisticRegression,7,1,0,0.19232625074168538
453,LogisticRegression,7,1,1,0.9310661259947185
460,LogisticRegression,7,0,0,0.3575875333831369
467,LogisticRegression,7,1,0,0.44599484116941235
468,LogisticRegression,7,0,0,0.1966505861963194
487,LogisticRegression,7,1,1,0.8113429922183962
491,LogisticRegression,7,0,0,0.4699016128640647
498,LogisticRegression,7,1,1,0.8213378353752709
526,LogisticRegression,7,1,0,0.30919556499887013
537,LogisticRegression,7,1,1,0.5506159706525054
539,LogisticRegression,7,1,1,0.7625716174199096
576,LogisticRegression,7,0,0,0.11646274510899293
580,LogisticRegression,7,1,0,0.4879378544278429
588,LogisticRegression,7,0,0,0.16498331340236905
593,LogisticRegression,7,1,0,0.4221823831930681
605,LogisticRegression,7,1,0,0.3949575063153196
614,LogisticRegression,7,1,1,0.6061301577874908
637,LogisticRegression,7,1,0,0.35647705823674464
661,LogisticRegression,7,1,1,0.7973421289337748
663,LogisticRegression,7,0,0,0.1414075080827753
664,LogisticRegression,7,0,0,0.08845451994064034
670,LogisticRegression,7,1,1,0.8615906911225658
679,LogisticRegression,7,1,1,0.6176543967345877
682,LogisticRegression,7,1,1,0.9860136746138345
686,LogisticRegression,7,1,1,0.8638964006275278
703,LogisticRegression,7,0,0,0.37400272656757105
711,LogisticRegression,7,0,0,0.10108507420931477
718,LogisticRegression,7,1,0,0.3850368003308245
721,LogisticRegression,7,1,0,0.46672447580354687
725,LogisticRegression,7,1,0,0.24341917067130642
728,LogisticRegression,7,0,1,0.7313241694016162
14,LogisticRegression,8,1,1,0.9140521909807697
17,LogisticRegression,8,1,0,0.49090433563463726
42,LogisticRegression,8,0,0,0.4457516048905189
47,LogisticRegression,8,1,1,0.9964026346626139
73,LogisticRegression,8,0,0,0.034807929416708884
78,LogisticRegression,8,0,0,0.23614038748757296
88,LogisticRegression,8,0,0,0.1424653560227678
90,LogisticRegression,8,1,1,0.9817480152066533
91,LogisticRegression,8,1,1,0.9951977589216512
107,LogisticRegression,8,1,0,0.46144520124163735
112,LogisticRegression,8,1,1,0.7693066613936926
159,LogisticRegression,8,1,0,0.40416139294022785
172,LogisticRegression,8,1,1,0.8808757379915305
173,LogisticRegression,8,1,1,0.9865902593421576
177,LogisticRegression,8,1,1,0.5863992795117435
187,LogisticRegression,8,1,1,0.9357528818546343
199,LogisticRegression,8,1,1,0.7758851998487137
213,LogisticRegression,8,1,0,0.4019585735052516
216,LogisticRegression,8,1,1,0.8072575392488731
221,LogisticRegression,8,0,0,0.3330445915343473
223,LogisticRegression,8,1,1,0.6421893818014474
230,LogisticRegression,8,1,1,0.8556262683553696
235,LogisticRegression,8,0,1,0.7335511004989583
237,LogisticRegression,8,1,1,0.5481268203305163
248,LogisticRegression,8,1,1,0.8466357893709974
266,LogisticRegression,8,1,0,0.35103907475955654
277,LogisticRegression,8,1,1,0.6142080907707314
285,LogisticRegression,8,1,1,0.9140291278242758
288,LogisticRegression,8,0,0,0.14636156777038772
304,LogisticRegression,8,1,1,0.8831164475971913
307,LogisticRegression,8,1,1,0.8195546708987669
332,LogisticRegression,8,1,1,0.914483052319884
338,LogisticRegression,8,1,1,0.8421015846780388
348,LogisticRegression,8,1,1,0.7750854531151308
351,LogisticRegression,8,1,0,0.3958569586881167
359,LogisticRegression,8,0,0,0.04978171892297191
361,LogisticRegression,8,1,0,0.44170655597488384
422,LogisticRegression,8,1,1,0.7777997911229748
429,LogisticRegression,8,1,0,0.4761712021630053
430,LogisticRegression,8,1,0,0.3289269303320532
442,LogisticRegression,8,1,0,0.23281658169001215
445,LogisticRegression,8,1,0,0.41016438478886064
451,LogisticRegression,8,1,1,0.607292300936016
457,LogisticRegression,8,1,1,0.6299918604400878
458,LogisticRegression,8,1,1,0.7074384725653095
464,LogisticRegression,8,1,1,0.817732246127375
478,LogisticRegression,8,1,1,0.9688310687990223
483,LogisticRegression,8,1,1,0.8023079133731106
486,LogisticRegression,8,1,1,0.814268132020065
497,LogisticRegression,8,1,0,0.4786617871213362
500,LogisticRegression,8,1,1,0.7633595132288445
516,LogisticRegression,8,1,1,0.8498847843532615
525,LogisticRegression,8,1,0,0.15041312316355712
543,LogisticRegression,8,1,1,0.5412829090899317
559,LogisticRegression,8,1,1,0.70109080332946
565,LogisticRegression,8,1,1,0.7076068882984717
568,LogisticRegression,8,0,0,0.14805815403789402
591,LogisticRegression,8,1,0,0.2508191091916397
609,LogisticRegression,8,0,1,0.8868774390624503
618,LogisticRegression,8,1,1,0.956082812274997
639,LogisticRegression,8,0,0,0.35435508225973916
643,LogisticRegression,8,1,1,0.9956336882977416
648,LogisticRegression,8,0,0,0.13978940780636845
651,LogisticRegression,8,1,0,0.46525542898825734
658,LogisticRegression,8,0,1,0.6039982204695904
665,LogisticRegression,8,0,0,0.42892460656182224
672,LogisticRegression,8,1,1,0.726224812926913
677,LogisticRegression,8,1,0,0.33509638175336015
698,LogisticRegression,8,0,0,0.09863579899100372
712,LogisticRegression,8,0,0,0.18085189614860436
719,LogisticRegression,8,1,1,0.6152544337247708
735,LogisticRegression,8,0,1,0.7539828849933218
736,LogisticRegression,8,0,1,0.7441327483365624
740,LogisticRegression,8,0,0,0.26939315880388864
748,LogisticRegression,8,1,0,0.28518556704519626
4,LogisticRegression,9,1,1,0.5257583208322233
7,LogisticRegression,9,1,0,0.205737308632702
24,LogisticRegression,9,1,0,0.28305040762737704
75,LogisticRegression,9,1,0,0.3994479581912123
89,LogisticRegression,9,0,0,0.13282347421649898
94,LogisticRegression,9,1,1,0.563964709251549
115,LogisticRegression,9,1,1,0.8218615596500165
123,LogisticRegression,9,0,0,0.051479307712352686
128,LogisticRegression,9,0,1,0.6357064314780051
149,LogisticRegression,9,0,0,0.10484854713544767
163,LogisticRegression,9,1,1,0.9806620963441105
169,LogisticRegression,9,1,1,0.9652009194550436
174,LogisticRegression,9,1,1,0.6473164004002444
194,LogisticRegression,9,1,1,0.9968412403439425
195,LogisticRegression,9,0,0,0.4404271773579537
202,LogisticRegression,9,1,0,0.12714838295792633
212,LogisticRegression,9,1,1,0.9678211218654086
219,LogisticRegression,9,0,1,0.6731124220932155
224,LogisticRegression,9,1,0,0.3763537388951099
227,LogisticRegression,9,0,0,0.2547522192395681
233,LogisticRegression,9,1,1,0.9107787762714263
243,LogisticRegression,9,1,1,0.9241121559711953
244,LogisticRegression,9,1,1,0.9831697223385805
251,LogisticRegression,9,0,1,0.6662204683675185
254,LogisticRegression,9,1,1,0.7317852553834328
278,LogisticRegression,9,1,0,0.1040530853154729
279,LogisticRegression,9,1,0,0.37175387487864914
281,LogisticRegression,9,1,1,0.820629379424366
298,LogisticRegression,9,1,0,0.47137583791939586
306,LogisticRegression,9,1,1,0.9043878737168478
349,LogisticRegression,9,1,1,0.6432782640418979
362,LogisticRegression,9,1,0,0.435608807514925
366,LogisticRegression,9,1,1,0.6627822424773316
374,LogisticRegression,9,1,1,0.9776055586250736
387,LogisticRegression,9,1,1,0.8681130183604946
390,LogisticRegression,9,0,0,0.4254017111235202
397,LogisticRegression,9,0,0,0.13405942201857357
403,LogisticRegression,9,1,1,0.9279241415962144
407,LogisticRegression,9,0,1,0.556197075825872
414,LogisticRegression,9,1,1,0.6526346749830044
432,LogisticRegression,9,1,1,0.8948096957060967
433,LogisticRegression,9,1,1,0.9569888132667069
440,LogisticRegression,9,1,1,0.864939493774378
443,LogisticRegression,9,1,1,0.648580496259065
444,LogisticRegression,9,1,0,0.08399076229266328
448,LogisticRegression,9,0,0,0.12837032942353568
473,LogisticRegression,9,0,1,0.5010871377209345
485,LogisticRegression,9,1,0,0.31848216325993095
495,LogisticRegression,9,1,1,0.6710651202467143
508,LogisticRegression,9,1,1,0.9546643232662002
515,LogisticRegression,9,1,1,0.9764930213765607
518,LogisticRegression,9,1,0,0.22828164669261808
529,LogisticRegression,9,1,0,0.1472375206084913
532,LogisticRegression,9,1,0,0.15742699304999744
541,LogisticRegression,9,0,0,0.008887460166840297
545,LogisticRegression,9,1,1,0.8593646149825845
574,LogisticRegression,9,1,1,0.7203944758877664
577,LogisticRegression,9,0,0,0.3289797570283892
578,LogisticRegression,9,0,0,0.11493024725218343
596,LogisticRegression,9,0,0,0.20227381178799067
631,LogisticRegression,9,0,1,0.8830252389678318
633,LogisticRegression,9,1,1,0.7087733995826759
634,LogisticRegression,9,1,1,0.7554361448904775
642,LogisticRegression,9,1,1,0.9208362190155587
653,LogisticRegression,9,1,1,0.8088172469604664
678,LogisticRegression,9,1,1,0.5800149384551081
690,LogisticRegression,9,1,1,0.7412310796306923
692,LogisticRegression,9,1,1,0.8859080825218628
695,LogisticRegression,9,1,0,0.42970561599580603
697,LogisticRegression,9,0,0,0.011685830671783788
701,LogisticRegression,9,1,0,0.1121768301407477
714,LogisticRegression,9,1,1,0.6822413368767484
720,LogisticRegression,9,1,0,0.4987066816911592
730,LogisticRegression,9,1,0,0.4138424397353687
742,LogisticRegression,9,1,1,0.8716350250515323
0,LogisticRegression,10,1,1,0.7580757591412806
1,LogisticRegression,10,1,1,0.5963050359027661
3,LogisticRegression,10,1,1,0.7170015226468502
18,LogisticRegression,10,1,1,0.5604473404815515
30,LogisticRegression,10,1,1,0.9888623180671975
37,LogisticRegression,10,1,0,0.46021486312240434
38,LogisticRegression,10,1,1,0.5744573525602609
52,LogisticRegression,10,1,1,0.9723165395541598
58,LogisticRegression,10,1,1,0.9675407430000108
62,LogisticRegression,10,1,1,0.9008431651371148
71,LogisticRegression,10,1,1,0.9737763476078573
83,LogisticRegression,10,0,1,0.6969381654229438
99,LogisticRegression,10,0,1,0.5657950846648354
109,LogisticRegression,10,1,1,0.743480329046663
111,LogisticRegression,10,1,1,0.6362436722058107
119,LogisticRegression,10,1,0,0.4666622820460137
122,LogisticRegression,10,1,1,0.8983733930960272
141,LogisticRegression,10,0,0,0.11249831447570471
152,LogisticRegression,10,1,1,0.6598148796388953
175,LogisticRegression,10,1,0,0.43801783205353323
186,LogisticRegression,10,1,1,0.9374563536800338
188,LogisticRegression,10,1,1,0.8577861830009555
205,LogisticRegression,10,1,1,0.8693494382491477
209,LogisticRegression,10,0,0,0.12232801391424913
210,LogisticRegression,10,1,1,0.9717073429916272
215,LogisticRegression,10,1,1,0.6135706657434464
236,LogisticRegression,10,0,1,0.9947799679908733
239,LogisticRegression,10,1,1,0.5953207270144766
240,LogisticRegression,10,1,0,0.39196044012995995
250,LogisticRegression,10,0,1,0.7026662953460381
252,LogisticRegression,10,1,1,0.7681179784941852
311,LogisticRegression,10,0,0,0.2239418027853089
314,LogisticRegression,10,1,1,0.9977783708907768
319,LogisticRegression,10,1,1,0.7938388350153227
330,LogisticRegression,10,1,1,0.9859828199716247
334,LogisticRegression,10,0,1,0.635358010952433
336,LogisticRegression,10,1,1,0.910011802245224
343,LogisticRegression,10,1,1,0.5683619354608336
354,LogisticRegression,10,1,1,0.9255889429064713
376,LogisticRegression,10,0,0,0.0885729495856594
381,LogisticRegression,10,1,1,0.9462544239832181
383,LogisticRegression,10,1,1,0.7714161568677309
420,LogisticRegression,10,1,1,0.8538480071575074
437,LogisticRegression,10,1,1,0.5309365948721243
452,LogisticRegression,10,1,0,0.21149259808448467
456,LogisticRegression,10,1,1,0.6909042982538288
490,LogisticRegression,10,0,1,0.5550385924536366
492,LogisticRegression,10,1,0,0.325831386991322
494,LogisticRegression,10,1,1,0.6746778053530923
527,LogisticRegression,10,1,0,0.08629384953692189
531,LogisticRegression,10,1,0,0.3582723852335862
534,LogisticRegression,10,0,0,0.09939947761796215
548,LogisticRegression,10,1,1,0.6987715625288479
551,LogisticRegression,10,1,1,0.9660551498267896
553,LogisticRegression,10,1,1,0.9860220105166649
585,LogisticRegression,10,0,0,0.20029708502872334
594,LogisticRegression,10,0,0,0.25091687783975475
597,LogisticRegression,10,1,1,0.9063506594631726
602,LogisticRegression,10,1,1,0.8041960391653772
610,LogisticRegression,10,0,1,0.8093362046300882
616,LogisticRegression,10,1,1,0.552416085947713
621,LogisticRegression,10,1,1,0.8323837413417382
627,LogisticRegression,10,1,0,0.20988346579072975
629,LogisticRegression,10,1,0,0.39439674304347605
635,LogisticRegression,10,1,1,0.7789636128079881
640,LogisticRegression,10,0,0,0.47218777628486924
650,LogisticRegression,10,0,0,0.19680469561583344
657,LogisticRegression,10,0,1,0.5676923859040913
669,LogisticRegression,10,1,1,0.892334646398182
676,LogisticRegression,10,1,0,0.4301579681385574
689,LogisticRegression,10,1,1,0.8695715598436511
691,LogisticRegression,10,1,1,0.5017240825100264
699,LogisticRegression,10,1,0,0.09969783156982252
705,LogisticRegression,10,0,0,0.3011148640808853
738,LogisticRegression,10,0,0,0.08264829790255465
26,SVM,1,1,0,0.5761520564864977
32,SVM,1,1,1,0.9953035858214774
34,SVM,1,0,0,0.2560378388835127
50,SVM,1,1,1,0.9760581552938059
51,SVM,1,1,1,0.9801282011127039
57,SVM,1,1,1,0.9391176664399028
60,SVM,1,1,1,0.9249743504190157
97,SVM,1,1,1,0.82709482610426
137,SVM,1,0,0,0.17794693559122618
139,SVM,1,1,1,0.9764927179216629
147,SVM,1,0,0,0.055805002485418885
148,SVM,1,0,0,0.08772325981900404
154,SVM,1,1,1,0.9461377572028276
158,SVM,1,1,1,0.9646109697579358
160,SVM,1,1,1,0.796781292512773
162,SVM,1,1,1,0.999986518274939
171,SVM,1,1,1,0.8890545386351851
179,SVM,1,1,1,0.9142349224037525
181,SVM,1,1,1,0.9663619320290674
228,SVM,1,1,1,0.9950984948648394
231,SVM,1,1,1,0.9189293220736283
242,SVM,1,1,1,0.8922955278915115
246,SVM,1,1,1,0.8941987168707201
261,SVM,1,1,1,0.8474987583489685
272,SVM,1,1,1,0.9486093064528255
273,SVM,1,1,1,0.9873018280275084
287,SVM,1,1,1,0.9447302153942169
294,SVM,1,1,1,0.7906377841924898
296,SVM,1,1,1,0.846611316558186
301,SVM,1,1,1,0.9830420357830641
302,SVM,1,1,1,0.9519771732941492
305,SVM,1,1,1,0.9285647376789424
318,SVM,1,1,1,0.9646427531933289
322,SVM,1,1,1,0.744043111381024
323,SVM,1,1,1,0.9530959503271056
325,SVM,1,1,1,0.9906480726862648
327,SVM,1,1,1,0.9531670578962909
333,SVM,1,0,1,0.8417075880384275
368,SVM,1,1,1,0.8001154380112309
369,SVM,1,0,0,0.28867055097901734
375,SVM,1,0,0,0.22413530071229096
388,SVM,1,1,1,0.8307804877716044
392,SVM,1,0,0,0.3485095338465696
393,SVM,1,0,0,0.4886405694770312
396,SVM,1,0,0,0.05699796402119952
469,SVM,1,0,0,0.26652531489327236
501,SVM,1,1,1,0.9151584399189596
510,SVM,1,1,0,0.4177168949978889
511,SVM,1,1,1,0.8881103554020676
512,SVM,1,1,0,0.6637064825078481
520,SVM,1,0,0,0.10230638463015554
521,SVM,1,0,0,0.2972090258905251
523,SVM,1,1,1,0.98808726145788
530,SVM,1,1,0,0.6609884582910268
546,SVM,1,1,1,0.9371099522082085
560,SVM,1,1,1,0.9389292663194382
564,SVM,1,1,0,0.541414637510808
567,SVM,1,0,0,0.2604756875274223
573,SVM,1,1,1,0.8170657694183521
603,SVM,1,1,0,0.6451654074709238
608,SVM,1,1,0,0.6487357478803284
613,SVM,1,1,1,0.8702507237188838
620,SVM,1,1,1,0.9157225653903184
630,SVM,1,0,0,0.1126210977384906
641,SVM,1,0,1,0.9005935305030752
646,SVM,1,1,1,0.9999847906362284
660,SVM,1,1,1,0.912955982443108
662,SVM,1,1,1,0.9623810081469716
671,SVM,1,1,1,0.987645452863618
675,SVM,1,1,1,0.7509626501526696
684,SVM,1,1,1,0.9654532073214297
709,SVM,1,1,0,0.5714808721696959
733,SVM,1,0,1,0.7602328839649101
739,SVM,1,0,0,0.1353365012542671
744,SVM,1,1,1,0.9955299313661496
755,SVM,1,0,0,0.36170310903707026
10,SVM,2,1,1,0.9291606869344138
27,SVM,2,1,1,0.9174253720031085
31,SVM,2,1,1,0.9926405057647182
36,SVM,2,1,1,0.9260768391515058
39,SVM,2,1,0,0.4293284081552745
40,SVM,2,1,1,0.9923334508939539
44,SVM,2,0,1,0.8115595954097906
48,SVM,2,1,1,0.9560675690531867
55,SVM,2,1,1,0.9783136140530357
59,SVM,2,1,1,0.9206165947671737
66,SVM,2,1,1,0.7112167306708902
80,SVM,2,0,0,0.21279467209192968
84,SVM,2,1,1,0.9170905406546115
86,SVM,2,1,1,0.7100548026776963
93,SVM,2,1,1,0.9467846779374282
96,SVM,2,1,1,0.9875228837759841
113,SVM,2,1,1,0.8850246034365401
114,SVM,2,1,1,0.8291366362431989
121,SVM,2,1,1,0.9611411827037526
127,SVM,2,0,1,0.8522611554460601
131,SVM,2,1,0,0.3086295119617076
133,SVM,2,1,1,0.8684529674386534
135,SVM,2,0,0,0.4128542597599625
146,SVM,2,0,0,0.6468123274772706
151,SVM,2,1,1,0.8705749756666645
167,SVM,2,1,1,0.9927596273843701
182,SVM,2,1,1,0.9776604379688547
184,SVM,2,1,1,0.9628791396951895
198,SVM,2,1,1,0.8037367175774379
207,SVM,2,0,0,0.09954686037644116
262,SVM,2,1,1,0.8565235772555737
268,SVM,2,0,0,0.060882249093557515
270,SVM,2,1,1,0.9795089117954591
275,SVM,2,1,1,0.9959814110658773
283,SVM,2,1,1,0.6704088381316602
286,SVM,2,1,1,0.9875908146066297
308,SVM,2,1,1,0.9770271398527822
315,SVM,2,1,1,0.9580713893785362
335,SVM,2,0,0,0.6305616344894492
339,SVM,2,1,0,0.6629605919026927
350,SVM,2,1,1,0.9748162382739066
352,SVM,2,1,1,0.7842736139908434
378,SVM,2,1,1,0.8121192047071144
379,SVM,2,1,1,0.8742133947616006
391,SVM,2,0,0,0.13934960960666196
410,SVM,2,0,0,0.5135055967046347
415,SVM,2,1,1,0.8891095237302479
419,SVM,2,1,1,0.6789590834800662
454,SVM,2,1,1,0.9737857484501659
459,SVM,2,0,1,0.9016947837955958
470,SVM,2,0,1,0.8044306263596237
471,SVM,2,0,0,0.4803310473697274
496,SVM,2,1,0,0.5846293616580917
503,SVM,2,1,1,0.9133921555842182
505,SVM,2,1,1,0.8282037692407943
522,SVM,2,1,1,0.9654875466796455
542,SVM,2,0,0,0.34270264358563823
549,SVM,2,1,1,0.9905332160882528
555,SVM,2,1,1,0.7227455870553482
558,SVM,2,1,1,0.9944354347135596
587,SVM,2,0,0,0.2333820317699965
599,SVM,2,1,1,0.8360125636878567
606,SVM,2,1,1,0.9875127584370454
611,SVM,2,0,1,0.720784756063685
632,SVM,2,0,1,0.8910195529116206
656,SVM,2,1,1,0.9364978473708689
673,SVM,2,1,1,0.9159690481312888
680,SVM,2,1,1,0.8487835391754269
700,SVM,2,1,0,0.2936480657142757
704,SVM,2,0,0,0.11548488410881466
724,SVM,2,1,1,0.7858835890608916
729,SVM,2,1,1,0.8318395002250409
732,SVM,2,0,0,0.5736610388618363
745,SVM,2,1,1,0.895808902452376
746,SVM,2,1,1,0.9901714120737574
749,SVM,2,1,0,0.49379971112050164
11,SVM,3,1,1,0.7236173366126245
15,SVM,3,1,1,0.9139748367823831
19,SVM,3,1,1,0.6879596777433346
20,SVM,3,1,1,0.9871492600214508
25,SVM,3,1,1,0.8263728748191251
33,SVM,3,0,0,0.6349703948159967
41,SVM,3,1,1,0.7647065023002315
56,SVM,3,1,1,0.8951728465750859
65,SVM,3,1,1,0.9879245425333746
70,SVM,3,1,0,0.6269347685564076
117,SVM,3,1,1,0.9145980847280939
125,SVM,3,0,0,0.44843720866249276
134,SVM,3,1,1,0.8725329481011
144,SVM,3,0,0,0.6375619558801803
145,SVM,3,0,0,0.1955652395766454
156,SVM,3,1,1,0.9813829039562382
168,SVM,3,1,1,0.9901538392113489
170,SVM,3,1,1,0.9788604086069752
200,SVM,3,1,1,0.9660283655164861
203,SVM,3,1,0,0.5679868746480511
204,SVM,3,1,1,0.7150492051010059
208,SVM,3,0,0,0.09395229989920174
217,SVM,3,1,1,0.983042662829249
218,SVM,3,1,1,0.9927279827790917
220,SVM,3,0,1,0.9405147760900499
255,SVM,3,1,1,0.852570877759119
256,SVM,3,1,1,0.8371854862889102
267,SVM,3,0,0,0.010213666898857492
289,SVM,3,0,0,0.45862118795859835
295,SVM,3,1,1,0.8088095707200621
328,SVM,3,1,1,0.9056835737314903
341,SVM,3,1,1,0.8329013128017021
345,SVM,3,1,1,0.9930070712735389
355,SVM,3,1,1,0.9490170010072071
372,SVM,3,1,1,0.9913351266884859
377,SVM,3,0,1,0.7357277903833276
385,SVM,3,1,1,0.9712527533832361
394,SVM,3,0,0,0.5443963950383771
402,SVM,3,1,1,0.9651639007917423
404,SVM,3,1,1,0.9385687666377444
413,SVM,3,1,1,0.9951336195230579
416,SVM,3,1,1,0.9166567641832752
423,SVM,3,1,1,0.8845129813413375
434,SVM,3,1,1,0.9596865211170929
439,SVM,3,1,1,0.9575560811224586
447,SVM,3,0,0,0.24094343480304695
461,SVM,3,0,1,0.8254794057250135
463,SVM,3,1,1,0.8641942886579715
472,SVM,3,0,0,0.40569601177279707
474,SVM,3,1,1,0.9654017943509269
476,SVM,3,1,1,0.773106854734913
481,SVM,3,1,0,0.5110212701916318
482,SVM,3,1,0,0.638477228953686
488,SVM,3,1,1,0.9528781834367762
499,SVM,3,1,1,0.9526661088304357
502,SVM,3,1,1,0.944295681798871
509,SVM,3,1,1,0.9830099037908062
513,SVM,3,1,1,0.9741667683957725
514,SVM,3,1,1,0.9935248609299129
572,SVM,3,1,1,0.9095585200671779
589,SVM,3,0,0,0.0778674299534322
592,SVM,3,1,1,0.7698711766314847
598,SVM,3,1,1,0.9891040867791014
600,SVM,3,1,1,0.9782589694842044
601,SVM,3,1,1,0.917726375429404
612,SVM,3,1,1,0.9391489032216851
645,SVM,3,1,1,0.976182135124373
666,SVM,3,0,0,0.37991911957460855
668,SVM,3,0,0,0.6090370285389897
688,SVM,3,1,1,0.995598635741853
696,SVM,3,0,0,0.16630307666341376
702,SVM,3,0,1,0.7427202107155565
715,SVM,3,1,1,0.9098338735065415
723,SVM,3,1,0,0.38712398588772884
727,SVM,3,0,1,0.9403667093136726
743,SVM,3,1,1,0.9644248849061274
9,SVM,4,1,1,0.9131767128417805
13,SVM,4,1,1,0.7851282325655339
21,SVM,4,1,1,0.730094919431518
22,SVM,4,1,1,0.821625243116208
28,SVM,4,1,1,0.8553574210645997
61,SVM,4,1,1,0.9578882626187634
72,SVM,4,0,1,0.8642558216061378
77,SVM,4,1,1,0.8020636436693691
100,SVM,4,0,0,0.36319677612851947
104,SVM,4,0,0,0.28708667875352734
106,SVM,4,1,1,0.7889190560006625
116,SVM,4,1,1,0.7083295712249335
120,SVM,4,1,1,0.957161808180268
126,SVM,4,0,1,0.8875382818210353
150,SVM,4,1,1,0.904666013770656
157,SVM,4,1,1,0.9685144898893924
180,SVM,4,1,1,0.7277578129101687
191,SVM,4,1,1,0.95771593531936
193,SVM,4,1,1,0.9955942918398822
206,SVM,4,1,1,0.9999844949916115
211,SVM,4,1,1,0.9947590944026118
229,SVM,4,1,1,0.9922070159740668
260,SVM,4,1,1,0.9742782079005109
264,SVM,4,1,0,0.6431005686300851
269,SVM,4,0,0,0.12988530953703714
282,SVM,4,1,0,0.5464053824458561
284,SVM,4,1,0,0.5312020505880928
290,SVM,4,0,0,0.4066012180544786
297,SVM,4,1,0,0.18739687602554292
312,SVM,4,1,1,0.8551972985858001
320,SVM,4,1,1,0.9385558809794521
324,SVM,4,1,1,0.9881087884170859
331,SVM,4,1,1,0.7870326641806374
337,SVM,4,1,1,0.9330410533646195
344,SVM,4,1,1,0.9750853481638736
400,SVM,4,1,0,0.6548183123177735
424,SVM,4,1,1,0.9819834771651976
425,SVM,4,1,1,0.9766543268660118
436,SVM,4,1,0,0.19326745660433914
438,SVM,4,1,1,0.9999842393212938
455,SVM,4,1,1,0.8305284429990718
477,SVM,4,1,1,0.991600973132815
484,SVM,4,1,1,0.9105594950371029
489,SVM,4,0,0,0.3292591317677171
507,SVM,4,1,1,0.9633292826684461
517,SVM,4,1,1,0.8232844807870734
528,SVM,4,1,0,0.18966197257897677
533,SVM,4,1,0,0.29040934130933727
536,SVM,4,0,1,0.7408851454138571
540,SVM,4,0,0,0.43209848724799593
550,SVM,4,1,1,0.991416268140592
552,SVM,4,1,1,0.99598635677494
554,SVM,4,1,1,0.8144025250821777
557,SVM,4,1,0,0.23289782829714864
561,SVM,4,0,0,0.24126370365475683
569,SVM,4,0,0,0.37400986233679484
571,SVM,4,1,1,0.9396920671554589
586,SVM,4,0,1,0.8049052365968886
590,SVM,4,0,0,0.11510595096705997
595,SVM,4,0,0,0.24455926326860308
615,SVM,4,1,0,0.5
617,SVM,4,1,0,0.6040357060032494
624,SVM,4,1,1,0.9436606094699634
625,SVM,4,1,0,0.6449734809885116
644,SVM,4,1,1,0.9186643168523618
647,SVM,4,1,1,0.9834451067966712
649,SVM,4,0,0,0.5935736954298768
652,SVM,4,1,1,0.925205973067623
659,SVM,4,0,0,0.48287823920690404
674,SVM,4,1,1,0.7742243560903354
694,SVM,4,1,0,0.6171852960050935
707,SVM,4,0,1,0.727034321429212
717,SVM,4,1,1,0.8577816058541424
734,SVM,4,0,0,0.5231537164806755
741,SVM,4,1,1,0.9007881781827234
753,SVM,4,0,0,0.19277981657315169
2,SVM,5,1,1,0.8627537417691484
6,SVM,5,1,1,0.7422474860223285
12,SVM,5,1,1,0.8260281368845408
16,SVM,5,1,1,0.9806444495873247
23,SVM,5,1,0,0.26561396000063836
29,SVM,5,1,1,0.8867267181749268
45,SVM,5,1,1,0.9965329903189276
64,SVM,5,1,1,0.974246600775176
68,SVM,5,1,1,0.7083334334233806
79,SVM,5,0,0,0.1364424859025922
81,SVM,5,0,1,0.7670754722564916
92,SVM,5,1,1,0.9964941080593179
101,SVM,5,0,0,0.38170081032048914
105,SVM,5,1,1,0.9788244136451515
108,SVM,5,1,1,0.864227465206007
118,SVM,5,1,1,0.8890229294133281
124,SVM,5,0,0,0.2635877830644148
130,SVM,5,1,1,0.8601481149569219
136,SVM,5,0,1,0.7519643785932727
143,SVM,5,0,0,0.43300000365173846
164,SVM,5,1,1,0.9999979930169974
185,SVM,5,1,1,0.9899934376508283
196,SVM,5,0,1,0.7669617994343171
249,SVM,5,0,1,0.9765487115226975
253,SVM,5,1,1,0.8983513538880129
257,SVM,5,1,1,0.6851598416698937
263,SVM,5,1,1,0.686957665227723
265,SVM,5,1,1,0.9179546435268574
274,SVM,5,1,1,0.9416961416814872
276,SVM,5,1,1,0.9232455505432992
280,SVM,5,1,1,0.7037085669050462
293,SVM,5,1,1,0.938375070047536
303,SVM,5,1,1,0.9175099953104374
321,SVM,5,1,1,0.8267482551555606
326,SVM,5,1,1,0.9801649389108146
329,SVM,5,1,1,0.7472926753586205
358,SVM,5,0,0,0.12876121310960803
370,SVM,5,0,0,0.3913485187749818
371,SVM,5,0,0,0.6205720067823199
373,SVM,5,1,1,0.986962203328419
382,SVM,5,1,1,0.9734294426160548
386,SVM,5,1,1,0.9802129903978928
408,SVM,5,0,0,0.33107157194671744
409,SVM,5,0,0,0.5086033860627583
417,SVM,5,1,1,0.9485646919771457
427,SVM,5,1,1,0.9294144529899458
465,SVM,5,1,0,0.545733901243905
479,SVM,5,1,1,0.9442714583195088
480,SVM,5,1,0,0.5194928661748422
504,SVM,5,1,1,0.9768767317311507
506,SVM,5,1,1,0.9697477386166314
519,SVM,5,0,0,0.16368074810625927
524,SVM,5,1,1,0.9757945580401449
538,SVM,5,1,1,0.9877579379270671
544,SVM,5,1,0,0.6166119010452903
547,SVM,5,1,1,0.8864049167518794
562,SVM,5,0,0,0.10425576080990799
566,SVM,5,1,1,0.9064016245748429
575,SVM,5,1,1,0.9924744477818971
579,SVM,5,1,1,0.8385960731238021
582,SVM,5,0,0,0.29613261794453455
583,SVM,5,0,1,0.7935488674115024
619,SVM,5,1,1,0.9837831416559778
623,SVM,5,1,1,0.9773071988587366
628,SVM,5,1,0,0.6216181273259204
638,SVM,5,1,1,0.9299264165320549
655,SVM,5,1,1,0.9999889194989122
683,SVM,5,1,1,0.9999967586371453
687,SVM,5,1,1,0.9115689795374976
693,SVM,5,1,1,0.6960759679038553
708,SVM,5,1,1,0.833159853666099
716,SVM,5,1,1,0.9157624732793435
726,SVM,5,0,0,0.1771295563335184
747,SVM,5,1,0,0.45165980972401676
750,SVM,5,0,0,0.05859467669781283
752,SVM,5,0,1,0.7858230320995426
5,SVM,6,1,1,0.9999828438579474
43,SVM,6,0,1,0.8664452813802976
46,SVM,6,1,1,0.9999930344827781
67,SVM,6,1,0,0.6543176708830514
69,SVM,6,1,1,0.9053390478683149
74,SVM,6,0,0,0.14183437347156685
76,SVM,6,1,1,0.9530081435617818
85,SVM,6,1,1,0.973073178142735
87,SVM,6,0,0,0.32023750315154675
95,SVM,6,1,1,0.9243382352458781
102,SVM,6,0,0,0.5597614538792147
103,SVM,6,0,1,0.6836058403393336
132,SVM,6,1,1,0.932854952421515
140,SVM,6,1,1,0.99282228934164
142,SVM,6,0,0,0.15882899616170212
155,SVM,6,1,1,0.995418401809429
161,SVM,6,1,1,0.9222213493591991
165,SVM,6,1,1,0.9796838358873925
166,SVM,6,1,1,0.9714393567463452
176,SVM,6,1,0,0.5407556861551135
183,SVM,6,1,1,0.9264177841916333
190,SVM,6,1,1,0.9321997938490109
197,SVM,6,0,0,0.5481302261562112
201,SVM,6,1,1,0.7820808196774046
222,SVM,6,1,1,0.9535137880490132
232,SVM,6,1,1,0.9750729631176637
234,SVM,6,0,1,0.7203360205394989
245,SVM,6,1,1,0.8840820670744082
258,SVM,6,1,1,0.9777679523726036
271,SVM,6,1,1,0.9875466895805471
291,SVM,6,1,1,0.9815505407338356
300,SVM,6,1,1,0.9904414710734971
309,SVM,6,0,1,0.9591994439035267
317,SVM,6,1,1,0.9923127963445485
342,SVM,6,1,1,0.9724462143857027
346,SVM,6,1,1,0.9861767373221252
347,SVM,6,1,1,0.9860467254656105
363,SVM,6,1,1,0.7173612449948303
364,SVM,6,1,0,0.5691934691211092
367,SVM,6,1,1,0.9477885988572313
380,SVM,6,1,1,0.9152576153588697
384,SVM,6,1,1,0.7393032104859788
395,SVM,6,0,0,0.49375173988475074
399,SVM,6,1,1,0.7329606186960322
418,SVM,6,1,1,0.9916132803130198
421,SVM,6,1,1,0.9756618789420578
426,SVM,6,1,1,0.9431515897055689
449,SVM,6,0,0,0.033290910989686506
450,SVM,6,1,1,0.9686182164329298
462,SVM,6,1,1,0.8389781634421576
466,SVM,6,1,0,0.43429261272337777
475,SVM,6,1,1,0.7808879797172713
493,SVM,6,1,1,0.9460456451448345
535,SVM,6,0,0,0.4205397710436023
556,SVM,6,1,1,0.9426341130149759
563,SVM,6,0,0,0.24429631849017386
570,SVM,6,1,1,0.8819645371929585
581,SVM,6,1,1,0.9702285955185437
584,SVM,6,0,0,0.3946103621534385
604,SVM,6,1,0,0.3022779827777151
607,SVM,6,1,1,0.9884705455643957
622,SVM,6,1,1,0.9908325930091121
626,SVM,6,1,0,0.5580690975971254
636,SVM,6,1,0,0.40278280235563646
654,SVM,6,1,1,0.8802790563553792
667,SVM,6,0,1,0.7824499664493316
681,SVM,6,1,1,0.9956765707588078
685,SVM,6,1,1,0.970854279545715
706,SVM,6,0,0,0.06165328519381824
710,SVM,6,1,0,0.6585205291577098
713,SVM,6,0,0,0.5
722,SVM,6,1,1,0.7974277321772395
731,SVM,6,1,1,0.830706058490519
737,SVM,6,0,1,0.9030723590112785
751,SVM,6,0,1,0.8927343817642867
754,SVM,6,0,1,0.7179100247088009
8,SVM,7,1,0,0.41233044577163797
35,SVM,7,0,0,0.53640541841684
49,SVM,7,1,1,0.9382696448189601
53,SVM,7,1,1,0.9124638720233496
54,SVM,7,1,1,0.93599296081743
63,SVM,7,1,1,0.9849726002071403
82,SVM,7,0,0,0.506976918188359
98,SVM,7,1,1,0.9883746168449468
110,SVM,7,1,1,0.958628588430266
129,SVM,7,1,1,0.8876914747143542
138,SVM,7,1,1,0.9082067662892105
153,SVM,7,1,1,0.9574258787405378
178,SVM,7,1,1,0.8683234521702311
189,SVM,7,1,1,0.8810321332321062
192,SVM,7,1,1,0.8657982659835018
214,SVM,7,1,1,0.6979600544797143
225,SVM,7,0,0,0.25391513128714077
226,SVM,7,0,0,0.387132678015804
238,SVM,7,1,1,0.950836327444717
241,SVM,7,1,0,0.54055869672786
247,SVM,7,1,1,0.9700691309547167
259,SVM,7,1,1,0.9284969077209538
292,SVM,7,1,1,0.8474714673897684
299,SVM,7,1,0,0.6216775406385511
310,SVM,7,0,1,0.6926968298779222
313,SVM,7,1,1,0.964112663590624
316,SVM,7,1,1,0.9328546010063221
340,SVM,7,1,1,0.8552442879344108
353,SVM,7,1,1,0.8346133567080743
356,SVM,7,1,1,0.9729422469809282
357,SVM,7,0,0,0.2670129282732777
360,SVM,7,1,1,0.7104087266245696
365,SVM,7,1,0,0.4655158696763724
389,SVM,7,1,1,0.8108490168882851
398,SVM,7,0,0,0.06499047911331603
401,SVM,7,1,1,0.807830776843195
405,SVM,7,0,0,0.22951964245461628
406,SVM,7,0,0,0.059454573660356544
411,SVM,7,1,1,0.9447759176482848
412,SVM,7,1,1,0.9272062520051413
428,SVM,7,1,1,0.9131256502622346
431,SVM,7,1,1,0.7817524670104457
435,SVM,7,1,1,0.696491660314706
441,SVM,7,1,0,0.4739422541317676
446,SVM,7,1,1,0.9109835361292747
453,SVM,7,1,1,0.9448296983061747
460,SVM,7,0,1,0.9073559121850723
467,SVM,7,1,0,0.07504662280123423
468,SVM,7,0,0,0.26811443326512097
487,SVM,7,1,1,0.829739700569247
491,SVM,7,0,0,0.31220387885928147
498,SVM,7,1,1,0.8738013555910269
526,SVM,7,1,1,0.8655347730901968
537,SVM,7,1,1,0.9147765850763846
539,SVM,7,1,1,0.902911262066709
576,SVM,7,0,0,0.08923711263676778
580,SVM,7,1,0,0.533284421197913
588,SVM,7,0,0,0.2421872707794067
593,SVM,7,1,0,0.46351009664929893
605,SVM,7,1,1,0.8978332634242401
614,SVM,7,1,1,0.8336525115298508
637,SVM,7,1,1,0.8921910272812591
661,SVM,7,1,1,0.9425230321106737
663,SVM,7,0,0,0.13987642996662417
664,SVM,7,0,0,0.09205982069489478
670,SVM,7,1,1,0.9822629738276006
679,SVM,7,1,1,0.9741435406116945
682,SVM,7,1,1,0.9913360291846118
686,SVM,7,1,1,0.9160247584551221
703,SVM,7,0,0,0.5809154041983629
711,SVM,7,0,0,0.2600324968951515
718,SVM,7,1,1,0.898853166516484
721,SVM,7,1,1,0.7425868528772852
725,SVM,7,1,0,0.37062433738431744
728,SVM,7,0,0,0.3963038580617352
14,SVM,8,1,1,0.9728714807103217
17,SVM,8,1,1,0.915554105820965
42,SVM,8,0,1,0.7400060196942548
47,SVM,8,1,1,0.9885629329199982
73,SVM,8,0,0,0.4507503815817844
78,SVM,8,0,0,0.49120940543216984
88,SVM,8,0,0,0.3228356348761393
90,SVM,8,1,1,0.946322358601667
91,SVM,8,1,1,0.9770905617533165
107,SVM,8,1,1,0.9134353253151348
112,SVM,8,1,1,0.8752114106621288
159,SVM,8,1,1,0.6780147944589073
172,SVM,8,1,1,0.811464555563709
173,SVM,8,1,1,0.9368439531758255
177,SVM,8,1,1,0.730450003142125
187,SVM,8,1,1,0.9852653538640629
199,SVM,8,1,1,0.9475778056078319
213,SVM,8,1,1,0.8802868832334754
216,SVM,8,1,1,0.9359369402547083
221,SVM,8,0,0,0.6474315158971478
223,SVM,8,1,1,0.97786985540643
230,SVM,8,1,1,0.6752097784439223
235,SVM,8,0,1,0.7889821108294458
237,SVM,8,1,1,0.954692499725064
248,SVM,8,1,1,0.9856274925577888
266,SVM,8,1,1,0.6761547694211856
277,SVM,8,1,1,0.9480157671240845
285,SVM,8,1,1,0.9749764793596365
288,SVM,8,0,0,0.2481697351855144
304,SVM,8,1,1,0.9159211077000448
307,SVM,8,1,1,0.9452344829585845
332,SVM,8,1,1,0.967183289650584
338,SVM,8,1,1,0.9480197643335149
348,SVM,8,1,1,0.9832055538276027
351,SVM,8,1,0,0.5946560563097998
359,SVM,8,0,0,0.11122682464978322
361,SVM,8,1,0,0.6443126155487587
422,SVM,8,1,1,0.9658355744238786
429,SVM,8,1,1,0.9147683800754937
430,SVM,8,1,1,0.7567712684284927
442,SVM,8,1,0,0.3957602596372371
445,SVM,8,1,1,0.9176142295519597
451,SVM,8,1,1,0.9389548520427958
457,SVM,8,1,1,0.8365757116206601
458,SVM,8,1,1,0.8316250660689914
464,SVM,8,1,1,0.9561249799115595
478,SVM,8,1,1,0.9691096671967853
483,SVM,8,1,1,0.9926687659301968
486,SVM,8,1,1,0.9466370011179599
497,SVM,8,1,0,0.6080177858011179
500,SVM,8,1,1,0.9354612187705067
516,SVM,8,1,0,0.5498213844598762
525,SVM,8,1,1,0.6977171143327847
543,SVM,8,1,1,0.6717415410486239
559,SVM,8,1,1,0.8642720825768813
565,SVM,8,1,0,0.5632726306098808
568,SVM,8,0,0,0.22593781501657378
591,SVM,8,1,0,0.12192090750283148
609,SVM,8,0,0,0.22624813536899682
618,SVM,8,1,1,0.9762659635230774
639,SVM,8,0,0,0.2772382281750425
643,SVM,8,1,1,0.8275252119568478
648,SVM,8,0,0,0.23723520043838928
651,SVM,8,1,1,0.8673342996893797
658,SVM,8,0,0,0.1935367933882047
665,SVM,8,0,1,0.8052810916574477
672,SVM,8,1,1,0.9445985958725239
677,SVM,8,1,0,0.5423437649693449
698,SVM,8,0,0,0.2822226984176849
712,SVM,8,0,0,0.2520737612390471
719,SVM,8,1,1,0.8940070014467325
735,SVM,8,0,1,0.945036110449088
736,SVM,8,0,1,0.9410727569586036
740,SVM,8,0,0,0.123970915199764
748,SVM,8,1,0,0.5856234874427265
4,SVM,9,1,1,0.929325923297332
7,SVM,9,1,0,0.5389262096960187
24,SVM,9,1,1,0.7424200365387923
75,SVM,9,1,1,0.8046576779231968
89,SVM,9,0,0,0.18571703795296693
94,SVM,9,1,1,0.8197109342042694
115,SVM,9,1,1,0.8124529540383505
123,SVM,9,0,0,0.15538135053923247
128,SVM,9,0,1,0.8702850759552466
149,SVM,9,0,0,0.04252717292077019
163,SVM,9,1,1,0.9967965865036428
169,SVM,9,1,1,0.9630600463739866
174,SVM,9,1,1,0.8001977355546126
194,SVM,9,1,1,0.9550168779253978
195,SVM,9,0,0,0.5787483453941211
202,SVM,9,1,0,0.17394025053472975
212,SVM,9,1,1,0.968165332475533
219,SVM,9,0,1,0.903745096292773
224,SVM,9,1,1,0.8418472514417665
227,SVM,9,0,0,0.31863121970675345
233,SVM,9,1,1,0.9716128537353221
243,SVM,9,1,1,0.7827292737222136
244,SVM,9,1,1,0.9107755065746109
251,SVM,9,0,1,0.8438176615833582
254,SVM,9,1,1,0.9132445269790512
278,SVM,9,1,1,0.8729694767179951
279,SVM,9,1,1,0.750293992862977
281,SVM,9,1,0,0.5778591565536082
298,SVM,9,1,1,0.7204417898973604
306,SVM,9,1,1,0.9804293068810758
349,SVM,9,1,1,0.9844893464759031
362,SVM,9,1,1,0.6829878962284206
366,SVM,9,1,1,0.7187366707292658
374,SVM,9,1,1,0.993046599297117
387,SVM,9,1,1,0.9671082161418482
390,SVM,9,0,1,0.6780094741462265
397,SVM,9,0,0,0.047425897086308684
403,SVM,9,1,1,0.970527409560693
407,SVM,9,0,1,0.7198733032141605
414,SVM,9,1,0,0.6692081605105751
432,SVM,9,1,1,0.7649604824893842
433,SVM,9,1,1,0.9416571208410061
440,SVM,9,1,1,0.9911631632922812
443,SVM,9,1,0,0.45241621273976657
444,SVM,9,1,0,0.6361930034689549
448,SVM,9,0,0,0.3063916650539414
473,SVM,9,0,0,0.49178311876703135
485,SVM,9,1,1,0.7885609257721119
495,SVM,9,1,1,0.9900783405585802
508,SVM,9,1,1,0.9788710530697509
515,SVM,9,1,1,0.9640521261938303
518,SVM,9,1,0,0.6647503419932916
529,SVM,9,1,0,0.37752058062435473
532,SVM,9,1,0,0.30200286141597704
541,SVM,9,0,0,0.5727360007157699
545,SVM,9,1,1,0.975504289921166
574,SVM,9,1,1,0.6772286749219044
577,SVM,9,0,0,0.10467514524388553
578,SVM,9,0,0,0.17922256264172556
596,SVM,9,0,0,0.6373886590328336
631,SVM,9,0,1,0.9177110804893536
633,SVM,9,1,1,0.9942823370607634
634,SVM,9,1,1,0.956854560885723
642,SVM,9,1,1,0.8831056223935784
653,SVM,9,1,1,0.9080385360795409
678,SVM,9,1,1,0.7397666605804946
690,SVM,9,1,1,0.8219536664491089
692,SVM,9,1,1,0.9515595709488082
695,SVM,9,1,0,0.602907657764815
697,SVM,9,0,0,0.4596493278339554
701,SVM,9,1,0,0.4283583378459278
714,SVM,9,1,1,0.9379533767494399
720,SVM,9,1,0,0.6461312163307255
730,SVM,9,1,1,0.7471971386900599
742,SVM,9,1,1,0.9371649019146044
0,SVM,10,1,1,0.8577143039076407
1,SVM,10,1,1,0.6939869112391156
3,SVM,10,1,1,0.9820962593009878
18,SVM,10,1,1,0.9293092547528593
30,SVM,10,1,1,0.9900537352755552
37,SVM,10,1,1,0.8663846198372598
38,SVM,10,1,1,0.8111217883341335
52,SVM,10,1,1,0.9110496377001878
58,SVM,10,1,1,0.9734955050300624
62,SVM,10,1,1,0.9354619866655558
71,SVM,10,1,1,0.99634787811526
83,SVM,10,0,1,0.7336547337120984
99,SVM,10,0,0,0.5905699251950461
109,SVM,10,1,1,0.9797529065458697
111,SVM,10,1,1,0.8954779679833964
119,SVM,10,1,1,0.923984512718626
122,SVM,10,1,1,0.9624087912893723
141,SVM,10,0,0,0.5260587846871676
152,SVM,10,1,1,0.7981478944823266
175,SVM,10,1,1,0.6813977729222352
186,SVM,10,1,1,0.9764244927614204
188,SVM,10,1,1,0.9105361871601799
205,SVM,10,1,1,0.9938551903297911
209,SVM,10,0,0,0.04023281939325306
210,SVM,10,1,1,0.9764687677350185
215,SVM,10,1,1,0.6880520824510828
236,SVM,10,0,1,0.9637615505019749
239,SVM,10,1,1,0.8759626501835759
240,SVM,10,1,0,0.4905421530459011
250,SVM,10,0,1,0.9239199745052333
252,SVM,10,1,1,0.7747334541120242
311,SVM,10,0,0,0.48221449545980866
314,SVM,10,1,1,0.9740760177765122
319,SVM,10,1,1,0.9456202160533017
330,SVM,10,1,1,0.9779277475198521
334,SVM,10,0,1,0.8431717435075553
336,SVM,10,1,1,0.9800714462587523
343,SVM,10,1,1,0.9871259777922585
354,SVM,10,1,1,0.975592010051176
376,SVM,10,0,0,0.0840714054671781
381,SVM,10,1,1,0.9645811040410839
383,SVM,10,1,1,0.9816013254497624
420,SVM,10,1,1,0.9929874962906572
437,SVM,10,1,1,0.7359940720044332
452,SVM,10,1,0,0.5
456,SVM,10,1,1,0.8874233740653183
490,SVM,10,0,0,0.5
492,SVM,10,1,1,0.7545685834307446
494,SVM,10,1,1,0.8136260401307273
527,SVM,10,1,0,0.29401793896648315
531,SVM,10,1,1,0.8066081320923929
534,SVM,10,0,0,0.5
548,SVM,10,1,1,0.928578344147778
551,SVM,10,1,1,0.9954993580621513
553,SVM,10,1,1,0.9905146166054651
585,SVM,10,0,0,0.5161750514292922
594,SVM,10,0,0,0.38749914431573973
597,SVM,10,1,1,0.9302629003129153
602,SVM,10,1,1,0.9112345201803038
610,SVM,10,0,0,0.3585968043166056
616,SVM,10,1,1,0.7460939123651803
621,SVM,10,1,1,0.9528425213331022
627,SVM,10,1,0,0.2816304643688936
629,SVM,10,1,0,0.66661421872572
635,SVM,10,1,1,0.9236077451445835
640,SVM,10,0,1,0.8548928580444065
650,SVM,10,0,0,0.19069591015519657
657,SVM,10,0,0,0.6155592609768707
669,SVM,10,1,1,0.9527912642887729
676,SVM,10,1,1,0.9006799775315334
689,SVM,10,1,1,0.8393977965410861
691,SVM,10,1,1,0.836549833619398
699,SVM,10,1,0,0.36587387861469756
705,SVM,10,0,0,0.1155852907141029
738,SVM,10,0,0,0.4546297197752125
