row_index,model_name,model_family,fold,y_true,y_pred,y_score
12,LogisticRegression,classical,1,0,0,0.021210639329359515
19,LogisticRegression,classical,1,0,0,0.12919497237349906
22,LogisticRegression,classical,1,0,0,0.0011052708187916562
23,LogisticRegression,classical,1,0,1,0.6179320056576442
34,LogisticRegression,classical,1,0,0,0.001028706251175344
51,LogisticRegression,classical,1,0,0,0.04047743388777615
54,LogisticRegression,classical,1,0,0,0.00015221984219595643
60,LogisticRegression,classical,1,0,0,0.003801068961128125
66,LogisticRegression,classical,1,0,0,0.0261522402624814
69,LogisticRegression,classical,1,0,0,0.008843995325848071
90,LogisticRegression,classical,1,1,0,0.2295019506518519
91,LogisticRegression,classical,1,1,0,0.4875593663775247
98,LogisticRegression,classical,1,1,1,0.932840565466106
105,LogisticRegression,classical,1,1,1,0.9390402508192415
107,LogisticRegression,classical,1,1,1,0.8414049417907373
121,LogisticRegression,classical,1,1,1,0.8223438026945709
123,LogisticRegression,classical,1,1,0,0.009972387309732466
139,LogisticRegression,classical,1,1,1,0.8802687995602728
154,LogisticRegression,classical,1,1,1,0.9828796451487368
163,LogisticRegression,classical,1,1,1,0.6167004645883235
176,LogisticRegression,classical,1,0,1,0.5784956838388173
186,LogisticRegression,classical,1,0,0,0.04292057964838065
196,LogisticRegression,classical,1,0,0,0.06278862793869677
199,LogisticRegression,classical,1,0,1,0.5287402784637544
202,LogisticRegression,classical,1,0,1,0.5932105959668817
222,LogisticRegression,classical,1,0,0,0.07595083010444087
237,LogisticRegression,classical,1,0,0,0.016620247717847043
267,LogisticRegression,classical,1,1,1,0.9998599166063371
268,LogisticRegression,classical,1,1,1,0.999898523195778
288,LogisticRegression,classical,1,1,1,0.9854316199307664
294,LogisticRegression,classical,1,1,0,0.4769138570799372
303,LogisticRegression,classical,1,1,1,0.9999425843820038
314,LogisticRegression,classical,1,1,1,0.9999963864047091
5,LogisticRegression,classical,2,0,0,0.051710137918566046
10,LogisticRegression,classical,2,0,0,0.007091319560511836
14,LogisticRegression,classical,2,0,0,0.024479885565040892
15,LogisticRegression,classical,2,0,0,0.05935501423511456
21,LogisticRegression,classical,2,0,0,0.001716400952354629
24,LogisticRegression,classical,2,0,0,0.03153949528486102
40,LogisticRegression,classical,2,0,0,0.31941226054149424
47,LogisticRegression,classical,2,0,0,0.0004963346803328643
55,LogisticRegression,classical,2,0,0,8.095596295548812e-05
62,LogisticRegression,classical,2,0,0,0.2598223272891277
75,LogisticRegression,classical,2,0,0,0.09441256339917319
78,LogisticRegression,classical,2,0,0,0.007452013547129799
79,LogisticRegression,classical,2,0,0,0.006514363052237436
92,LogisticRegression,classical,2,1,1,0.9946869167335313
94,LogisticRegression,classical,2,1,0,0.06528717469183691
120,LogisticRegression,classical,2,1,1,0.994846540255777
129,LogisticRegression,classical,2,1,1,0.922843004689575
130,LogisticRegression,classical,2,1,1,0.7538549075071282
133,LogisticRegression,classical,2,1,1,0.6912862520344865
167,LogisticRegression,classical,2,0,0,0.06699754490681897
203,LogisticRegression,classical,2,0,0,0.006926384949172208
216,LogisticRegression,classical,2,0,0,0.020088317570496422
234,LogisticRegression,classical,2,0,0,0.000790215159155052
240,LogisticRegression,classical,2,1,1,0.983532777755037
241,LogisticRegression,classical,2,1,1,0.9595456251530667
259,LogisticRegression,classical,2,1,1,0.8963496519366907
273,LogisticRegression,classical,2,1,1,0.9999385877743273
275,LogisticRegression,classical,2,1,1,0.9991233496016435
282,LogisticRegression,classical,2,1,1,0.9962762991133001
287,LogisticRegression,classical,2,1,1,0.9998432922942726
317,LogisticRegression,classical,2,1,1,0.9994820043759726
323,LogisticRegression,classical,2,1,1,0.995918655240908
328,LogisticRegression,classical,2,1,1,0.996587680653909
36,LogisticRegression,classical,3,0,0,0.007111720757953776
37,LogisticRegression,classical,3,0,0,0.24908259611924297
45,LogisticRegression,classical,3,0,0,0.004902227258925809
58,LogisticRegression,classical,3,0,0,0.10941298016474221
59,LogisticRegression,classical,3,0,0,0.051000215365015464
73,LogisticRegression,classical,3,0,0,0.04973447184639438
76,LogisticRegression,classical,3,0,1,0.6801040379309754
83,LogisticRegression,classical,3,0,0,0.01863031656208186
88,LogisticRegression,classical,3,0,0,0.4226307409082115
95,LogisticRegression,classical,3,1,1,0.986664945515117
118,LogisticRegression,classical,3,1,1,0.6419845356495235
126,LogisticRegression,classical,3,1,1,0.9449901285732317
128,LogisticRegression,classical,3,1,1,0.954164370307751
132,LogisticRegression,classical,3,1,1,0.9593583607155461
152,LogisticRegression,classical,3,1,1,0.7779702430188968
153,LogisticRegression,classical,3,1,1,0.9924613424351673
156,LogisticRegression,classical,3,1,1,0.9162672086633031
158,LogisticRegression,classical,3,1,1,0.92395359600293
164,LogisticRegression,classical,3,1,1,0.9925333569908922
180,LogisticRegression,classical,3,0,0,0.01634756360931253
181,LogisticRegression,classical,3,0,0,0.10511709540994886
184,LogisticRegression,classical,3,0,1,0.9149420557029669
185,LogisticRegression,classical,3,0,0,0.060314857577248526
187,LogisticRegression,classical,3,0,0,0.05090419527939444
211,LogisticRegression,classical,3,0,0,0.004757104625129019
214,LogisticRegression,classical,3,0,1,0.8500072654838448
220,LogisticRegression,classical,3,0,0,0.004344628105740427
248,LogisticRegression,classical,3,1,1,0.9818540281689555
249,LogisticRegression,classical,3,1,0,0.25622621536297535
257,LogisticRegression,classical,3,1,1,0.9995980916749406
274,LogisticRegression,classical,3,1,1,0.9999876741908548
302,LogisticRegression,classical,3,1,1,0.9935674892958155
325,LogisticRegression,classical,3,1,1,0.9999971123585268
3,LogisticRegression,classical,4,0,0,0.018048479477992894
7,LogisticRegression,classical,4,0,0,0.005119721524955269
13,LogisticRegression,classical,4,0,0,0.008648065599427953
27,LogisticRegression,classical,4,0,0,0.00575964175360685
32,LogisticRegression,classical,4,0,0,0.0016574486999719246
49,LogisticRegression,classical,4,0,0,0.001384612690199842
52,LogisticRegression,classical,4,0,0,0.0024299725487621554
72,LogisticRegression,classical,4,0,0,0.007991605999752458
97,LogisticRegression,classical,4,1,1,0.9742275750235674
99,LogisticRegression,classical,4,1,1,0.8253029989643629
134,LogisticRegression,classical,4,1,1,0.9693571290714156
135,LogisticRegression,classical,4,1,1,0.73091360043719
140,LogisticRegression,classical,4,1,1,0.9729556921737234
161,LogisticRegression,classical,4,1,1,0.9244269199806509
165,LogisticRegression,classical,4,0,0,0.08106272082605098
171,LogisticRegression,classical,4,0,0,0.023398277419560964
175,LogisticRegression,classical,4,0,0,0.010953825717214719
200,LogisticRegression,classical,4,0,0,0.38040679453058956
208,LogisticRegression,classical,4,0,0,0.17415242739794656
209,LogisticRegression,classical,4,0,0,0.013465397779567095
213,LogisticRegression,classical,4,0,0,0.2586435228994956
217,LogisticRegression,classical,4,0,0,0.15443583544466885
223,LogisticRegression,classical,4,0,0,0.04921625660622791
242,LogisticRegression,classical,4,1,1,0.98925316762728
243,LogisticRegression,classical,4,1,1,0.9904227904734952
276,LogisticRegression,classical,4,1,1,0.9991997509115483
278,LogisticRegression,classical,4,1,1,0.8651630605872488
285,LogisticRegression,classical,4,1,1,0.9998300398523838
293,LogisticRegression,classical,4,1,1,0.9781515165643944
304,LogisticRegression,classical,4,1,1,0.9989877807122636
309,LogisticRegression,classical,4,1,1,0.9999931522119088
310,LogisticRegression,classical,4,1,1,0.999941166310995
311,LogisticRegression,classical,4,1,1,0.9997411507141984
20,LogisticRegression,classical,5,0,0,0.0006027060978841195
31,LogisticRegression,classical,5,0,0,0.04880580320648415
33,LogisticRegression,classical,5,0,0,0.011173768488535752
38,LogisticRegression,classical,5,0,0,0.02384314801455105
46,LogisticRegression,classical,5,0,0,0.001967776778178
56,LogisticRegression,classical,5,0,0,0.0020548518256924206
65,LogisticRegression,classical,5,0,0,0.15279375827505845
81,LogisticRegression,classical,5,0,0,0.021706207298054416
82,LogisticRegression,classical,5,0,0,0.027147773991071714
93,LogisticRegression,classical,5,1,1,0.8830239870235448
96,LogisticRegression,classical,5,1,1,0.7618015538619265
100,LogisticRegression,classical,5,1,0,0.3337225515115308
108,LogisticRegression,classical,5,1,1,0.996083417743316
115,LogisticRegression,classical,5,1,1,0.9545657228974583
116,LogisticRegression,classical,5,1,1,0.987623999456985
125,LogisticRegression,classical,5,1,1,0.8377101184908368
143,LogisticRegression,classical,5,1,1,0.9891636715634771
166,LogisticRegression,classical,5,0,0,0.033740969989398094
182,LogisticRegression,classical,5,0,1,0.5212944797623853
183,LogisticRegression,classical,5,0,0,0.011740502323311435
188,LogisticRegression,classical,5,0,0,0.4666261551523165
192,LogisticRegression,classical,5,0,0,0.18573356655390894
204,LogisticRegression,classical,5,0,0,0.04311422947813389
231,LogisticRegression,classical,5,0,0,0.015907801667655277
235,LogisticRegression,classical,5,0,0,0.1717538652164419
251,LogisticRegression,classical,5,1,1,0.9742867944960494
254,LogisticRegression,classical,5,1,1,0.9382600289580013
262,LogisticRegression,classical,5,1,1,0.9994185128411703
265,LogisticRegression,classical,5,1,1,0.9611541184177166
272,LogisticRegression,classical,5,1,1,0.9999803338142427
279,LogisticRegression,classical,5,1,1,0.9366633872100331
281,LogisticRegression,classical,5,1,1,0.9792308865709646
322,LogisticRegression,classical,5,1,1,0.9981461276019862
4,LogisticRegression,classical,6,0,0,0.016831685196242643
11,LogisticRegression,classical,6,0,0,0.0005422645061510046
26,LogisticRegression,classical,6,0,0,0.06931168615291013
35,LogisticRegression,classical,6,0,0,0.011925593734331568
43,LogisticRegression,classical,6,0,0,0.01167581227185553
50,LogisticRegression,classical,6,0,0,0.014395743180443149
53,LogisticRegression,classical,6,0,0,0.002522924547221875
67,LogisticRegression,classical,6,0,0,0.3873227043542398
84,LogisticRegression,classical,6,0,0,0.43877806995178437
106,LogisticRegression,classical,6,1,1,0.9682395509556702
114,LogisticRegression,classical,6,1,0,0.21699442743799824
122,LogisticRegression,classical,6,1,1,0.5388152187179931
144,LogisticRegression,classical,6,1,1,0.9679864450914452
147,LogisticRegression,classical,6,1,0,0.2556981137531486
151,LogisticRegression,classical,6,1,1,0.8834787754799405
173,LogisticRegression,classical,6,0,0,0.1811682673649343
191,LogisticRegression,classical,6,0,0,0.0884423858806035
195,LogisticRegression,classical,6,0,0,0.00416229476434621
215,LogisticRegression,classical,6,0,0,0.019569056193528014
228,LogisticRegression,classical,6,0,0,0.09959540637814734
230,LogisticRegression,classical,6,0,1,0.5154835434074732
238,LogisticRegression,classical,6,0,0,0.006705257119077317
246,LogisticRegression,classical,6,1,1,0.8166027135783658
252,LogisticRegression,classical,6,1,1,0.9494358597175481
261,LogisticRegression,classical,6,1,1,0.9920667032058262
269,LogisticRegression,classical,6,1,1,0.9994247585059153
283,LogisticRegression,classical,6,1,1,0.9982813446663168
289,LogisticRegression,classical,6,1,1,0.9966472096791262
292,LogisticRegression,classical,6,1,0,0.2642443494520407
296,LogisticRegression,classical,6,1,1,0.991983380515638
307,LogisticRegression,classical,6,1,1,0.9962128640041971
320,LogisticRegression,classical,6,1,1,0.99284614777539
324,LogisticRegression,classical,6,1,1,0.9893279558245042
1,LogisticRegression,classical,7,0,0,0.11629570165925067
8,LogisticRegression,classical,7,0,0,0.04065215536189421
17,LogisticRegression,classical,7,0,0,0.07814146282289679
64,LogisticRegression,classical,7,0,0,0.01425627664601482
68,LogisticRegression,classical,7,0,0,0.001567476028111688
77,LogisticRegression,classical,7,0,0,0.20365305662172062
85,LogisticRegression,classical,7,0,0,0.025746400985939007
112,LogisticRegression,classical,7,1,1,0.5264918878822271
113,LogisticRegression,classical,7,1,1,0.7911459984654787
117,LogisticRegression,classical,7,1,1,0.9542499997090277
124,LogisticRegression,classical,7,1,1,0.9883761858141319
137,LogisticRegression,classical,7,1,1,0.9862389520616742
138,LogisticRegression,classical,7,1,0,0.31626264013873795
141,LogisticRegression,classical,7,1,0,0.18670065395851487
142,LogisticRegression,classical,7,1,1,0.9771334447399619
146,LogisticRegression,classical,7,1,1,0.6844783863299613
168,LogisticRegression,classical,7,0,0,0.013249341571505582
174,LogisticRegression,classical,7,0,0,0.02072080102424262
190,LogisticRegression,classical,7,0,0,0.25825101906627734
198,LogisticRegression,classical,7,0,0,0.009551249527135082
210,LogisticRegression,classical,7,0,0,0.0026258297818704895
227,LogisticRegression,classical,7,0,0,0.00892232443124673
229,LogisticRegression,classical,7,0,0,0.0018458182502659912
236,LogisticRegression,classical,7,0,0,0.027877371375224738
239,LogisticRegression,classical,7,0,0,0.012216369405239035
244,LogisticRegression,classical,7,1,1,0.9937076333562124
258,LogisticRegression,classical,7,1,1,0.9744179902496718
263,LogisticRegression,classical,7,1,1,0.9960366013493446
271,LogisticRegression,classical,7,1,1,0.9476729675871278
298,LogisticRegression,classical,7,1,1,0.9988488395376186
306,LogisticRegression,classical,7,1,1,0.9982707558381705
313,LogisticRegression,classical,7,1,1,0.9992237396198288
326,LogisticRegression,classical,7,1,1,0.9998931014932401
2,LogisticRegression,classical,8,0,0,0.0014426776352297846
16,LogisticRegression,classical,8,0,0,0.02820913677824304
42,LogisticRegression,classical,8,0,0,0.00336337997792722
48,LogisticRegression,classical,8,0,0,0.0014572802457081086
70,LogisticRegression,classical,8,0,0,0.06290421308204788
71,LogisticRegression,classical,8,0,1,0.656508181483527
80,LogisticRegression,classical,8,0,0,0.007134298429781897
89,LogisticRegression,classical,8,0,0,0.002541294741750765
110,LogisticRegression,classical,8,1,1,0.850733727856086
131,LogisticRegression,classical,8,1,1,0.7647236822038129
148,LogisticRegression,classical,8,1,1,0.9830651080564602
149,LogisticRegression,classical,8,1,1,0.9171191315349262
160,LogisticRegression,classical,8,1,1,0.984519388631563
169,LogisticRegression,classical,8,0,0,0.053183646956689604
170,LogisticRegression,classical,8,0,0,0.015425856178923635
177,LogisticRegression,classical,8,0,0,0.37256803486385587
178,LogisticRegression,classical,8,0,0,0.010973292544440575
189,LogisticRegression,classical,8,0,1,0.5133492641639322
219,LogisticRegression,classical,8,0,0,0.17896989305338523
225,LogisticRegression,classical,8,0,0,0.2125944579347967
232,LogisticRegression,classical,8,0,0,0.014032565891802653
245,LogisticRegression,classical,8,1,1,0.9585866151096833
255,LogisticRegression,classical,8,1,1,0.9989910207150984
256,LogisticRegression,classical,8,1,1,0.9999876669832457
266,LogisticRegression,classical,8,1,1,0.9961021522161784
270,LogisticRegression,classical,8,1,1,0.9999862522471559
300,LogisticRegression,classical,8,1,1,0.7166121925360897
301,LogisticRegression,classical,8,1,1,0.9865281733604255
308,LogisticRegression,classical,8,1,1,0.9999438929719213
315,LogisticRegression,classical,8,1,1,0.9988934620762516
318,LogisticRegression,classical,8,1,1,0.9993961558168173
319,LogisticRegression,classical,8,1,1,0.9987642791830272
321,LogisticRegression,classical,8,1,1,0.9611740211658611
0,LogisticRegression,classical,9,0,0,0.07417969262223577
9,LogisticRegression,classical,9,0,0,0.008823009131583643
28,LogisticRegression,classical,9,0,0,0.05867739871268873
30,LogisticRegression,classical,9,0,0,0.0017176848389786538
41,LogisticRegression,classical,9,0,0,0.012945962728314511
44,LogisticRegression,classical,9,0,0,0.0004369614572373463
57,LogisticRegression,classical,9,0,0,0.12415675946957355
61,LogisticRegression,classical,9,0,0,0.0011998803087291277
63,LogisticRegression,classical,9,0,0,0.002553769339362198
74,LogisticRegression,classical,9,0,0,0.002158257100134301
87,LogisticRegression,classical,9,0,1,0.850029518157614
104,LogisticRegression,classical,9,1,1,0.9898135258321905
109,LogisticRegression,classical,9,1,1,0.9928304626274452
119,LogisticRegression,classical,9,1,0,0.41196445805742465
157,LogisticRegression,classical,9,1,1,0.9993832641270143
159,LogisticRegression,classical,9,1,1,0.8851583392165523
193,LogisticRegression,classical,9,0,0,0.029514137794677136
194,LogisticRegression,classical,9,0,0,0.32417902148487193
201,LogisticRegression,classical,9,0,1,0.9912925993411121
205,LogisticRegression,classical,9,0,1,0.5128090880682058
206,LogisticRegression,classical,9,0,1,0.6547656770185802
247,LogisticRegression,classical,9,1,1,0.8928211936992642
250,LogisticRegression,classical,9,1,1,0.949128826795308
264,LogisticRegression,classical,9,1,1,0.9875251640391499
280,LogisticRegression,classical,9,1,1,0.9806755551508968
286,LogisticRegression,classical,9,1,1,0.999940364980621
290,LogisticRegression,classical,9,1,1,0.9999705588254054
295,LogisticRegression,classical,9,1,1,0.9996176369067981
297,LogisticRegression,classical,9,1,1,0.9999428013146066
299,LogisticRegression,classical,9,1,1,0.9999439479077995
305,LogisticRegression,classical,9,1,1,0.9991979293759577
312,LogisticRegression,classical,9,1,1,0.9960699369464238
329,LogisticRegression,classical,9,1,1,0.9999543796682899
6,LogisticRegression,classical,10,0,0,0.00197333432391735
18,LogisticRegression,classical,10,0,1,0.8939329064694682
25,LogisticRegression,classical,10,0,0,0.08860745325867855
29,LogisticRegression,classical,10,0,1,0.5402051542685129
39,LogisticRegression,classical,10,0,0,0.07542732492924248
86,LogisticRegression,classical,10,0,1,0.6908994815695619
101,LogisticRegression,classical,10,1,1,0.9095838538082492
102,LogisticRegression,classical,10,1,0,0.3884845431193204
103,LogisticRegression,classical,10,1,1,0.9672080476102908
111,LogisticRegression,classical,10,1,1,0.9983977254785806
127,LogisticRegression,classical,10,1,1,0.746874096909817
136,LogisticRegression,classical,10,1,0,0.45313442116823743
145,LogisticRegression,classical,10,1,1,0.8614297775887083
150,LogisticRegression,classical,10,1,0,0.10692295723458119
155,LogisticRegression,classical,10,1,1,0.9992613810365896
162,LogisticRegression,classical,10,1,1,0.9893795618933422
172,LogisticRegression,classical,10,0,0,0.008924683357518415
179,LogisticRegression,classical,10,0,0,0.021147582417244886
197,LogisticRegression,classical,10,0,0,0.026914928214209054
207,LogisticRegression,classical,10,0,0,0.07544694021775546
212,LogisticRegression,classical,10,0,0,0.06224905302917956
218,LogisticRegression,classical,10,0,0,0.00796306632749018
221,LogisticRegression,classical,10,0,0,0.002152611834699413
224,LogisticRegression,classical,10,0,0,0.002199312043339387
226,LogisticRegression,classical,10,0,0,0.013861851226215027
233,LogisticRegression,classical,10,0,0,0.004633912384087751
253,LogisticRegression,classical,10,1,1,0.9095632076650741
260,LogisticRegression,classical,10,1,1,0.9796570940200121
277,LogisticRegression,classical,10,1,1,0.5508648665493724
284,LogisticRegression,classical,10,1,1,0.9917760961668679
291,LogisticRegression,classical,10,1,1,0.9956886072405828
316,LogisticRegression,classical,10,1,1,0.9947663614307173
327,LogisticRegression,classical,10,1,1,0.9994240599001498
12,SVM,classical,1,0,0,0.007283448565522488
19,SVM,classical,1,0,1,0.9420348080851064
22,SVM,classical,1,0,0,0.0012988608184141147
23,SVM,classical,1,0,1,0.7249080436844285
34,SVM,classical,1,0,0,0.016595284817574486
51,SVM,classical,1,0,0,0.004197089225701359
54,SVM,classical,1,0,0,0.004697456959622489
60,SVM,classical,1,0,0,0.005584895488844602
66,SVM,classical,1,0,0,0.012626773054438017
69,SVM,classical,1,0,0,0.022312093911405196
90,SVM,classical,1,1,0,0.5
91,SVM,classical,1,1,1,0.9735205983938001
98,SVM,classical,1,1,1,0.9536661685954342
105,SVM,classical,1,1,1,0.9909284499144166
107,SVM,classical,1,1,0,0.4417856686261688
121,SVM,classical,1,1,1,0.9871239838268561
123,SVM,classical,1,1,0,0.16759164669160181
139,SVM,classical,1,1,1,0.8862138353977105
154,SVM,classical,1,1,1,0.9999849058358229
163,SVM,classical,1,1,1,0.9672370940415074
176,SVM,classical,1,0,0,0.3378508246221407
186,SVM,classical,1,0,0,0.007685476104042109
196,SVM,classical,1,0,0,0.06263662854561175
199,SVM,classical,1,0,0,0.23702557641683203
202,SVM,classical,1,0,0,0.11908187774458188
222,SVM,classical,1,0,0,0.16318111019851692
237,SVM,classical,1,0,0,0.0035872663596309908
267,SVM,classical,1,1,1,0.9999880914362701
268,SVM,classical,1,1,1,0.9999995614341307
288,SVM,classical,1,1,1,0.9938393993655348
294,SVM,classical,1,1,1,0.988968446102982
303,SVM,classical,1,1,1,0.9999990221872681
314,SVM,classical,1,1,1,0.9885185022010474
5,SVM,classical,2,0,0,0.3318957861056971
10,SVM,classical,2,0,0,0.004936643138832902
14,SVM,classical,2,0,0,0.48962012060223736
15,SVM,classical,2,0,0,0.11435412104607098
21,SVM,classical,2,0,0,0.012201107346962068
24,SVM,classical,2,0,0,0.21040811793897057
40,SVM,classical,2,0,0,0.019598343121409945
47,SVM,classical,2,0,0,0.026625180156310206
55,SVM,classical,2,0,0,0.004495898556909092
62,SVM,classical,2,0,0,0.3063708566540975
75,SVM,classical,2,0,0,0.11653650356113268
78,SVM,classical,2,0,0,0.019873758839740782
79,SVM,classical,2,0,0,0.003969970757874985
92,SVM,classical,2,1,1,0.9445677797470758
94,SVM,classical,2,1,0,0.08752142758873178
120,SVM,classical,2,1,1,0.9946365597496049
129,SVM,classical,2,1,1,0.9490642213604412
130,SVM,classical,2,1,1,0.9362477678009139
133,SVM,classical,2,1,1,0.7676314280601352
167,SVM,classical,2,0,0,0.05640446755680786
203,SVM,classical,2,0,0,0.006802800182446248
216,SVM,classical,2,0,0,0.005213723593821443
234,SVM,classical,2,0,0,0.004278893776272046
240,SVM,classical,2,1,1,0.9723668236159421
241,SVM,classical,2,1,1,0.9667461542573733
259,SVM,classical,2,1,1,0.9962014297956658
273,SVM,classical,2,1,1,0.990112698792262
275,SVM,classical,2,1,1,0.9880908303033138
282,SVM,classical,2,1,1,0.9792132547889437
287,SVM,classical,2,1,1,0.9936283014142928
317,SVM,classical,2,1,1,0.997117235493852
323,SVM,classical,2,1,1,0.9945844654338316
328,SVM,classical,2,1,1,0.9968579172799094
36,SVM,classical,3,0,0,0.00965094696643996
37,SVM,classical,3,0,0,0.07543680721485266
45,SVM,classical,3,0,0,0.02247838701049062
58,SVM,classical,3,0,0,0.019435447336978245
59,SVM,classical,3,0,0,0.015386155205580662
73,SVM,classical,3,0,0,0.060771975551418944
76,SVM,classical,3,0,0,0.14842242082307464
83,SVM,classical,3,0,0,0.007728066661386263
88,SVM,classical,3,0,0,0.14379263235773956
95,SVM,classical,3,1,1,0.9752676075187193
118,SVM,classical,3,1,0,0.161464739252901
126,SVM,classical,3,1,1,0.9469381239750816
128,SVM,classical,3,1,1,0.9669842645918262
132,SVM,classical,3,1,1,0.733578473662313
152,SVM,classical,3,1,1,0.9081847881714011
153,SVM,classical,3,1,1,0.9913113018084193
156,SVM,classical,3,1,1,0.7463499139385018
158,SVM,classical,3,1,1,0.9628833533906055
164,SVM,classical,3,1,1,0.9904645688656245
180,SVM,classical,3,0,0,0.01990706002650594
181,SVM,classical,3,0,0,0.043502178485471235
184,SVM,classical,3,0,0,0.04723677350927433
185,SVM,classical,3,0,0,0.022727819266317152
187,SVM,classical,3,0,0,0.023358975601834083
211,SVM,classical,3,0,0,0.023660919304977608
214,SVM,classical,3,0,0,0.3427728387961514
220,SVM,classical,3,0,0,0.017346045323402247
248,SVM,classical,3,1,1,0.9909928351559745
249,SVM,classical,3,1,1,0.811405964262371
257,SVM,classical,3,1,1,0.9999994666292344
274,SVM,classical,3,1,1,0.99999870944399
302,SVM,classical,3,1,1,0.925709015793825
325,SVM,classical,3,1,1,0.9383837265214267
3,SVM,classical,4,0,0,0.027143738281739598
7,SVM,classical,4,0,0,0.02885579609383891
13,SVM,classical,4,0,0,0.026270339963053627
27,SVM,classical,4,0,0,0.011496854114268054
32,SVM,classical,4,0,0,0.009814895256431196
49,SVM,classical,4,0,0,0.0013200177551987696
52,SVM,classical,4,0,0,0.0079591413328539
72,SVM,classical,4,0,0,0.016717907904435718
97,SVM,classical,4,1,1,0.9889393999760325
99,SVM,classical,4,1,1,0.8413072739098915
134,SVM,classical,4,1,1,0.97546952002808
135,SVM,classical,4,1,1,0.9265524579371104
140,SVM,classical,4,1,1,0.9469486791242409
161,SVM,classical,4,1,1,0.989785402329271
165,SVM,classical,4,0,0,0.04826643655410507
171,SVM,classical,4,0,0,0.003210428586827336
175,SVM,classical,4,0,0,0.005115067982114833
200,SVM,classical,4,0,0,0.20591693985988282
208,SVM,classical,4,0,0,0.028768496276790144
209,SVM,classical,4,0,0,0.006929004452973244
213,SVM,classical,4,0,0,0.23871338340292084
217,SVM,classical,4,0,0,0.1474872125977507
223,SVM,classical,4,0,0,0.04212470091156941
242,SVM,classical,4,1,1,0.9955151300071751
243,SVM,classical,4,1,0,0.4766580487413403
276,SVM,classical,4,1,1,0.9999878268298775
278,SVM,classical,4,1,1,0.8826008383989349
285,SVM,classical,4,1,1,0.9999841198610608
293,SVM,classical,4,1,1,0.9895828724696328
304,SVM,classical,4,1,1,0.9999968384511906
309,SVM,classical,4,1,1,0.9939946175250632
310,SVM,classical,4,1,1,0.9922738042095673
311,SVM,classical,4,1,1,0.9999949113091793
20,SVM,classical,5,0,0,0.02318403549330136
31,SVM,classical,5,0,0,0.04122713030655822
33,SVM,classical,5,0,0,0.0036802130623306622
38,SVM,classical,5,0,0,0.017856411814229995
46,SVM,classical,5,0,0,0.005418905110336649
56,SVM,classical,5,0,0,0.006215347562996826
65,SVM,classical,5,0,0,0.09659319270451958
81,SVM,classical,5,0,0,0.07334125970929353
82,SVM,classical,5,0,0,0.020217422480118607
93,SVM,classical,5,1,1,0.9891092663633699
96,SVM,classical,5,1,1,0.968385444880252
100,SVM,classical,5,1,1,0.9263287983958953
108,SVM,classical,5,1,1,0.9876607752764437
115,SVM,classical,5,1,1,0.947723148601657
116,SVM,classical,5,1,1,0.9904646743244288
125,SVM,classical,5,1,0,0.5214192680193428
143,SVM,classical,5,1,1,0.9652824955100743
166,SVM,classical,5,0,0,0.002504206970155089
182,SVM,classical,5,0,0,0.060550471718149854
183,SVM,classical,5,0,0,0.015329305229896575
188,SVM,classical,5,0,0,0.06469395830984165
192,SVM,classical,5,0,0,0.1403151206117459
204,SVM,classical,5,0,0,0.0586125853984944
231,SVM,classical,5,0,0,0.007199239806913481
235,SVM,classical,5,0,0,0.08109162358607036
251,SVM,classical,5,1,1,0.9954846157932099
254,SVM,classical,5,1,1,0.9601661584647819
262,SVM,classical,5,1,1,0.999999959476532
265,SVM,classical,5,1,1,0.9999834976890292
272,SVM,classical,5,1,1,0.9999850729328574
279,SVM,classical,5,1,1,0.9877251823296778
281,SVM,classical,5,1,1,0.9933812764851404
322,SVM,classical,5,1,1,0.9805780139837865
4,SVM,classical,6,0,0,0.12209948618667059
11,SVM,classical,6,0,0,0.0011863308723883265
26,SVM,classical,6,0,0,0.04870573448904051
35,SVM,classical,6,0,0,0.011179435864765727
43,SVM,classical,6,0,0,0.0053150659126488895
50,SVM,classical,6,0,0,0.004904580422935381
53,SVM,classical,6,0,0,0.003333738729646278
67,SVM,classical,6,0,0,0.08646533823668676
84,SVM,classical,6,0,0,0.10006165909027462
106,SVM,classical,6,1,1,0.9753999316402424
114,SVM,classical,6,1,0,0.024056429365968947
122,SVM,classical,6,1,1,0.956119090701505
144,SVM,classical,6,1,1,0.9720951748565938
147,SVM,classical,6,1,1,0.6437905753401203
151,SVM,classical,6,1,1,0.9452289865441791
173,SVM,classical,6,0,0,0.043526873886183384
191,SVM,classical,6,0,0,0.016948020703953043
195,SVM,classical,6,0,0,0.018617523974160596
215,SVM,classical,6,0,0,0.04266244024791175
228,SVM,classical,6,0,0,0.009638075392808556
230,SVM,classical,6,0,0,0.4896372168967286
238,SVM,classical,6,0,0,0.010211086123434668
246,SVM,classical,6,1,1,0.723415551193917
252,SVM,classical,6,1,1,0.9950197888438451
261,SVM,classical,6,1,1,0.9999975596115922
269,SVM,classical,6,1,1,0.9999966505338974
283,SVM,classical,6,1,1,0.914861932269879
289,SVM,classical,6,1,1,0.9704856708530514
292,SVM,classical,6,1,0,0.3554676254207631
296,SVM,classical,6,1,1,0.9534870957502093
307,SVM,classical,6,1,1,0.9170344325860476
320,SVM,classical,6,1,1,0.9950760327763787
324,SVM,classical,6,1,1,0.9680164071101807
1,SVM,classical,7,0,0,0.012768687087563848
8,SVM,classical,7,0,0,0.012645291575320572
17,SVM,classical,7,0,0,0.019100940640266
64,SVM,classical,7,0,0,0.0018815050847581624
68,SVM,classical,7,0,0,0.026704432093917464
77,SVM,classical,7,0,0,0.389749136737989
85,SVM,classical,7,0,0,0.03850603973683077
112,SVM,classical,7,1,1,0.8417931154666687
113,SVM,classical,7,1,0,0.6079465573552743
117,SVM,classical,7,1,1,0.9561969589100744
124,SVM,classical,7,1,1,0.9862564133177065
137,SVM,classical,7,1,1,0.9966502454363043
138,SVM,classical,7,1,0,0.412459080974467
141,SVM,classical,7,1,1,0.6645108107552805
142,SVM,classical,7,1,1,0.9944022252261078
146,SVM,classical,7,1,1,0.9734079222238556
168,SVM,classical,7,0,0,0.0049450620174792915
174,SVM,classical,7,0,0,0.0024793775603434514
190,SVM,classical,7,0,0,0.22472939013587426
198,SVM,classical,7,0,0,0.1106808189044922
210,SVM,classical,7,0,0,0.00593720245639753
227,SVM,classical,7,0,0,0.10859354666273606
229,SVM,classical,7,0,0,0.0013336190967470382
236,SVM,classical,7,0,0,0.05088748860167297
239,SVM,classical,7,0,0,0.028576588333917873
244,SVM,classical,7,1,1,0.9776016661837583
258,SVM,classical,7,1,1,0.9766198157234386
263,SVM,classical,7,1,1,0.9964833140229228
271,SVM,classical,7,1,0,0.5577227849682015
298,SVM,classical,7,1,1,0.9927330320736032
306,SVM,classical,7,1,1,0.9812265790728492
313,SVM,classical,7,1,1,0.9999995786809416
326,SVM,classical,7,1,1,0.9999989668246552
2,SVM,classical,8,0,0,0.018202994006506233
16,SVM,classical,8,0,0,0.030499373145159207
42,SVM,classical,8,0,0,0.006502900551388381
48,SVM,classical,8,0,0,0.02108927068804719
70,SVM,classical,8,0,0,0.05678882965708566
71,SVM,classical,8,0,0,0.08400522905215123
80,SVM,classical,8,0,0,0.013050532264261002
89,SVM,classical,8,0,0,0.0189068501252995
110,SVM,classical,8,1,1,0.9800272177823054
131,SVM,classical,8,1,1,0.9141274662154234
148,SVM,classical,8,1,1,0.9713822269566421
149,SVM,classical,8,1,1,0.9447523525974959
160,SVM,classical,8,1,1,0.9779501869545706
169,SVM,classical,8,0,0,0.5566380888012705
170,SVM,classical,8,0,0,0.017175656884756196
177,SVM,classical,8,0,0,0.004528550479692988
178,SVM,classical,8,0,0,0.006922909498754318
189,SVM,classical,8,0,0,0.203932716516789
219,SVM,classical,8,0,0,0.5373466930579629
225,SVM,classical,8,0,0,0.06463535489858248
232,SVM,classical,8,0,0,0.033701475513450346
245,SVM,classical,8,1,1,0.9918728546012752
255,SVM,classical,8,1,1,0.9999917851756589
256,SVM,classical,8,1,1,0.9999999429601215
266,SVM,classical,8,1,1,0.9999976980094122
270,SVM,classical,8,1,1,0.9999855667264875
300,SVM,classical,8,1,1,0.9337875314654965
301,SVM,classical,8,1,1,0.9878292599029929
308,SVM,classical,8,1,1,0.9999910755084755
315,SVM,classical,8,1,1,0.9958353798381246
318,SVM,classical,8,1,1,0.9952468813734451
319,SVM,classical,8,1,1,0.9811588010383469
321,SVM,classical,8,1,1,0.924019302315725
0,SVM,classical,9,0,0,0.060672809928764934
9,SVM,classical,9,0,0,0.009752106397722268
28,SVM,classical,9,0,0,0.3589976871397676
30,SVM,classical,9,0,0,0.0015884133982494682
41,SVM,classical,9,0,0,0.024246371957510292
44,SVM,classical,9,0,0,0.003649271520934849
57,SVM,classical,9,0,0,0.07067304869613049
61,SVM,classical,9,0,0,0.04670353327238736
63,SVM,classical,9,0,0,0.012233908835539868
74,SVM,classical,9,0,0,0.0040125719132165635
87,SVM,classical,9,0,0,0.09615031562098332
104,SVM,classical,9,1,1,0.9965043810186748
109,SVM,classical,9,1,1,0.9964742765347222
119,SVM,classical,9,1,0,0.49324141124580745
157,SVM,classical,9,1,1,0.974531114913175
159,SVM,classical,9,1,1,0.7942621687045841
193,SVM,classical,9,0,0,0.05241518526003661
194,SVM,classical,9,0,0,0.018470231556329722
201,SVM,classical,9,0,1,0.903189630464187
205,SVM,classical,9,0,0,0.2052055719683056
206,SVM,classical,9,0,0,0.01942708275547093
247,SVM,classical,9,1,1,0.9861639864234704
250,SVM,classical,9,1,1,0.9953447344125634
264,SVM,classical,9,1,1,0.9973516173091456
280,SVM,classical,9,1,1,0.9160912382143921
286,SVM,classical,9,1,1,0.9999901280571695
290,SVM,classical,9,1,1,0.9894068721786574
295,SVM,classical,9,1,1,0.9999912176474262
297,SVM,classical,9,1,1,0.9918280698859031
299,SVM,classical,9,1,1,0.9999925084040959
305,SVM,classical,9,1,1,0.9999997996840836
312,SVM,classical,9,1,1,0.9964785241796471
329,SVM,classical,9,1,1,0.9999864173952977
6,SVM,classical,10,0,0,0.023003305202066074
18,SVM,classical,10,0,0,0.5120652496684029
25,SVM,classical,10,0,0,0.295074042636808
29,SVM,classical,10,0,1,0.6847548306354996
39,SVM,classical,10,0,0,0.006639624862914946
86,SVM,classical,10,0,0,0.10061185985718593
101,SVM,classical,10,1,1,0.7848315808238555
102,SVM,classical,10,1,1,0.970519306125297
103,SVM,classical,10,1,1,0.9844904847965442
111,SVM,classical,10,1,1,0.9999808233700207
127,SVM,classical,10,1,1,0.6945488181026633
136,SVM,classical,10,1,0,0.3953487699167092
145,SVM,classical,10,1,1,0.9879099864824695
150,SVM,classical,10,1,0,0.5435933479218114
155,SVM,classical,10,1,1,0.9524167656572549
162,SVM,classical,10,1,1,0.9968073684276937
172,SVM,classical,10,0,0,0.001084329184476319
179,SVM,classical,10,0,0,0.029588149399537363
197,SVM,classical,10,0,0,0.04779481514799721
207,SVM,classical,10,0,0,0.03665310510401979
212,SVM,classical,10,0,0,0.3994938304418973
218,SVM,classical,10,0,0,0.1318854233837233
221,SVM,classical,10,0,0,0.02002767842333907
224,SVM,classical,10,0,0,0.07145378101219133
226,SVM,classical,10,0,0,0.007741382460807107
233,SVM,classical,10,0,0,0.01914776333266135
253,SVM,classical,10,1,1,0.987637038348449
260,SVM,classical,10,1,1,0.9947976278966316
277,SVM,classical,10,1,1,0.9796062904492701
284,SVM,classical,10,1,1,0.9954338534037847
291,SVM,classical,10,1,1,0.9920618802297706
316,SVM,classical,10,1,1,0.9953074181828304
327,SVM,classical,10,1,1,0.9966992035420222
12,RandomForest,classical,1,0,0,0.09
19,RandomForest,classical,1,0,1,0.5266666666666666
22,RandomForest,classical,1,0,0,0.03
23,RandomForest,classical,1,0,0,0.37333333333333335
34,RandomForest,classical,1,0,0,0.08333333333333333
51,RandomForest,classical,1,0,0,0.09666666666666666
54,RandomForest,classical,1,0,0,0.06
60,RandomForest,classical,1,0,0,0.05333333333333334
66,RandomForest,classical,1,0,0,0.07
69,RandomForest,classical,1,0,0,0.08
90,RandomForest,classical,1,1,0,0.47
91,RandomForest,classical,1,1,1,0.6733333333333333
98,RandomForest,classical,1,1,1,0.7866666666666666
105,RandomForest,classical,1,1,1,0.7966666666666666
107,RandomForest,classical,1,1,1,0.55
121,RandomForest,classical,1,1,1,0.8266666666666667
123,RandomForest,classical,1,1,1,0.54
139,RandomForest,classical,1,1,1,0.65
154,RandomForest,classical,1,1,1,0.8733333333333333
163,RandomForest,classical,1,1,1,0.8333333333333334
176,RandomForest,classical,1,0,0,0.2833333333333333
186,RandomForest,classical,1,0,0,0.17666666666666667
196,RandomForest,classical,1,0,0,0.37666666666666665
199,RandomForest,classical,1,0,0,0.49666666666666665
202,RandomForest,classical,1,0,0,0.38333333333333336
222,RandomForest,classical,1,0,0,0.4166666666666667
237,RandomForest,classical,1,0,0,0.09666666666666666
267,RandomForest,classical,1,1,1,0.92
268,RandomForest,classical,1,1,1,0.9466666666666667
288,RandomForest,classical,1,1,1,0.89
294,RandomForest,classical,1,1,1,0.83
303,RandomForest,classical,1,1,1,0.9033333333333333
314,RandomForest,classical,1,1,1,0.9166666666666666
5,RandomForest,classical,2,0,0,0.18666666666666668
10,RandomForest,classical,2,0,0,0.03666666666666667
14,RandomForest,classical,2,0,0,0.39666666666666667
15,RandomForest,classical,2,0,0,0.30333333333333334
21,RandomForest,classical,2,0,0,0.09333333333333334
24,RandomForest,classical,2,0,0,0.38333333333333336
40,RandomForest,classical,2,0,0,0.14666666666666667
47,RandomForest,classical,2,0,0,0.13666666666666666
55,RandomForest,classical,2,0,0,0.14
62,RandomForest,classical,2,0,0,0.37
75,RandomForest,classical,2,0,0,0.21666666666666667
78,RandomForest,classical,2,0,0,0.16333333333333333
79,RandomForest,classical,2,0,0,0.16666666666666666
92,RandomForest,classical,2,1,1,0.6733333333333333
94,RandomForest,classical,2,1,0,0.37
120,RandomForest,classical,2,1,1,0.7333333333333333
129,RandomForest,classical,2,1,1,0.8
130,RandomForest,classical,2,1,1,0.7433333333333333
133,RandomForest,classical,2,1,1,0.66
167,RandomForest,classical,2,0,0,0.43333333333333335
203,RandomForest,classical,2,0,0,0.06333333333333334
216,RandomForest,classical,2,0,0,0.21333333333333335
234,RandomForest,classical,2,0,0,0.07666666666666666
240,RandomForest,classical,2,1,1,0.8033333333333333
241,RandomForest,classical,2,1,1,0.7666666666666667
259,RandomForest,classical,2,1,1,0.9066666666666666
273,RandomForest,classical,2,1,1,0.85
275,RandomForest,classical,2,1,1,0.79
282,RandomForest,classical,2,1,1,0.8566666666666667
287,RandomForest,classical,2,1,1,0.8
317,RandomForest,classical,2,1,1,0.9633333333333334
323,RandomForest,classical,2,1,1,0.96
328,RandomForest,classical,2,1,1,0.9633333333333334
36,RandomForest,classical,3,0,0,0.10666666666666667
37,RandomForest,classical,3,0,0,0.04666666666666667
45,RandomForest,classical,3,0,0,0.17333333333333334
58,RandomForest,classical,3,0,0,0.06666666666666667
59,RandomForest,classical,3,0,0,0.11
73,RandomForest,classical,3,0,0,0.11
76,RandomForest,classical,3,0,0,0.2866666666666667
83,RandomForest,classical,3,0,0,0.29333333333333333
88,RandomForest,classical,3,0,0,0.36666666666666664
95,RandomForest,classical,3,1,1,0.87
118,RandomForest,classical,3,1,0,0.31333333333333335
126,RandomForest,classical,3,1,1,0.7133333333333334
128,RandomForest,classical,3,1,1,0.66
132,RandomForest,classical,3,1,1,0.5366666666666666
152,RandomForest,classical,3,1,1,0.6666666666666666
153,RandomForest,classical,3,1,1,0.7666666666666667
156,RandomForest,classical,3,1,1,0.5766666666666667
158,RandomForest,classical,3,1,1,0.7066666666666667
164,RandomForest,classical,3,1,1,0.63
180,RandomForest,classical,3,0,0,0.19666666666666666
181,RandomForest,classical,3,0,0,0.35
184,RandomForest,classical,3,0,0,0.21333333333333335
185,RandomForest,classical,3,0,0,0.22333333333333333
187,RandomForest,classical,3,0,0,0.33666666666666667
211,RandomForest,classical,3,0,0,0.27666666666666667
214,RandomForest,classical,3,0,0,0.25666666666666665
220,RandomForest,classical,3,0,0,0.21
248,RandomForest,classical,3,1,1,0.9066666666666666
249,RandomForest,classical,3,1,1,0.84
257,RandomForest,classical,3,1,1,0.9233333333333333
274,RandomForest,classical,3,1,1,0.8966666666666666
302,RandomForest,classical,3,1,1,0.5766666666666667
325,RandomForest,classical,3,1,1,0.8733333333333333
3,RandomForest,classical,4,0,0,0.25
7,RandomForest,classical,4,0,0,0.12666666666666668
13,RandomForest,classical,4,0,0,0.13333333333333333
27,RandomForest,classical,4,0,0,0.08333333333333333
32,RandomForest,classical,4,0,0,0.09666666666666666
49,RandomForest,classical,4,0,0,0.06
52,RandomForest,classical,4,0,0,0.09
72,RandomForest,classical,4,0,0,0.12666666666666668
97,RandomForest,classical,4,1,1,0.8
99,RandomForest,classical,4,1,1,0.7066666666666667
134,RandomForest,classical,4,1,1,0.7233333333333334
135,RandomForest,classical,4,1,1,0.7333333333333333
140,RandomForest,classical,4,1,1,0.6866666666666666
161,RandomForest,classical,4,1,1,0.87
165,RandomForest,classical,4,0,0,0.44
171,RandomForest,classical,4,0,0,0.12
175,RandomForest,classical,4,0,0,0.06
200,RandomForest,classical,4,0,1,0.6766666666666666
208,RandomForest,classical,4,0,0,0.13666666666666666
209,RandomForest,classical,4,0,0,0.08
213,RandomForest,classical,4,0,0,0.25
217,RandomForest,classical,4,0,0,0.23
223,RandomForest,classical,4,0,0,0.25
242,RandomForest,classical,4,1,1,0.9166666666666666
243,RandomForest,classical,4,1,0,0.5
276,RandomForest,classical,4,1,1,0.9166666666666666
278,RandomForest,classical,4,1,1,0.75
285,RandomForest,classical,4,1,1,0.9
293,RandomForest,classical,4,1,1,0.8366666666666667
304,RandomForest,classical,4,1,1,0.91
309,RandomForest,classical,4,1,1,0.9233333333333333
310,RandomForest,classical,4,1,1,0.8866666666666667
311,RandomForest,classical,4,1,1,0.8733333333333333
20,RandomForest,classical,5,0,0,0.13666666666666666
31,RandomForest,classical,5,0,0,0.10333333333333333
33,RandomForest,classical,5,0,0,0.05
38,RandomForest,classical,5,0,0,0.14
46,RandomForest,classical,5,0,0,0.12333333333333334
56,RandomForest,classical,5,0,0,0.06
65,RandomForest,classical,5,0,0,0.16666666666666666
81,RandomForest,classical,5,0,0,0.3433333333333333
82,RandomForest,classical,5,0,0,0.31333333333333335
93,RandomForest,classical,5,1,1,0.79
96,RandomForest,classical,5,1,1,0.8166666666666667
100,RandomForest,classical,5,1,1,0.62
108,RandomForest,classical,5,1,1,0.75
115,RandomForest,classical,5,1,1,0.81
116,RandomForest,classical,5,1,1,0.77
125,RandomForest,classical,5,1,1,0.5866666666666667
143,RandomForest,classical,5,1,1,0.7666666666666667
166,RandomForest,classical,5,0,0,0.31666666666666665
182,RandomForest,classical,5,0,0,0.25666666666666665
183,RandomForest,classical,5,0,0,0.21666666666666667
188,RandomForest,classical,5,0,0,0.43333333333333335
192,RandomForest,classical,5,0,0,0.38
204,RandomForest,classical,5,0,0,0.31333333333333335
231,RandomForest,classical,5,0,0,0.05333333333333334
235,RandomForest,classical,5,0,0,0.31
251,RandomForest,classical,5,1,1,0.9633333333333334
254,RandomForest,classical,5,1,1,0.6266666666666667
262,RandomForest,classical,5,1,1,0.9266666666666666
265,RandomForest,classical,5,1,1,0.9266666666666666
272,RandomForest,classical,5,1,1,0.94
279,RandomForest,classical,5,1,1,0.9
281,RandomForest,classical,5,1,1,0.83
322,RandomForest,classical,5,1,1,0.8266666666666667
4,RandomForest,classical,6,0,0,0.15
11,RandomForest,classical,6,0,0,0.02666666666666667
26,RandomForest,classical,6,0,0,0.20666666666666667
35,RandomForest,classical,6,0,0,0.26666666666666666
43,RandomForest,classical,6,0,0,0.043333333333333335
50,RandomForest,classical,6,0,0,0.10666666666666667
53,RandomForest,classical,6,0,0,0.05
67,RandomForest,classical,6,0,0,0.13333333333333333
84,RandomForest,classical,6,0,0,0.25333333333333335
106,RandomForest,classical,6,1,1,0.7966666666666666
114,RandomForest,classical,6,1,0,0.4033333333333333
122,RandomForest,classical,6,1,1,0.7466666666666667
144,RandomForest,classical,6,1,1,0.64
147,RandomForest,classical,6,1,0,0.44
151,RandomForest,classical,6,1,1,0.88
173,RandomForest,classical,6,0,0,0.10666666666666667
191,RandomForest,classical,6,0,0,0.16333333333333333
195,RandomForest,classical,6,0,0,0.44333333333333336
215,RandomForest,classical,6,0,0,0.26
228,RandomForest,classical,6,0,0,0.10666666666666667
230,RandomForest,classical,6,0,1,0.5166666666666667
238,RandomForest,classical,6,0,0,0.17666666666666667
246,RandomForest,classical,6,1,1,0.84
252,RandomForest,classical,6,1,1,0.9166666666666666
261,RandomForest,classical,6,1,1,0.9433333333333334
269,RandomForest,classical,6,1,1,0.91
283,RandomForest,classical,6,1,1,0.7666666666666667
289,RandomForest,classical,6,1,1,0.7633333333333333
292,RandomForest,classical,6,1,1,0.6833333333333333
296,RandomForest,classical,6,1,1,0.7133333333333334
307,RandomForest,classical,6,1,1,0.6366666666666667
320,RandomForest,classical,6,1,1,0.97
324,RandomForest,classical,6,1,1,0.7933333333333333
1,RandomForest,classical,7,0,0,0.24333333333333335
8,RandomForest,classical,7,0,0,0.09666666666666666
17,RandomForest,classical,7,0,0,0.19666666666666666
64,RandomForest,classical,7,0,0,0.11
68,RandomForest,classical,7,0,0,0.12333333333333334
77,RandomForest,classical,7,0,0,0.24333333333333335
85,RandomForest,classical,7,0,0,0.23333333333333334
112,RandomForest,classical,7,1,1,0.6433333333333333
113,RandomForest,classical,7,1,0,0.33666666666666667
117,RandomForest,classical,7,1,1,0.6833333333333333
124,RandomForest,classical,7,1,1,0.7366666666666667
137,RandomForest,classical,7,1,1,0.66
138,RandomForest,classical,7,1,1,0.5133333333333333
141,RandomForest,classical,7,1,1,0.77
142,RandomForest,classical,7,1,1,0.7366666666666667
146,RandomForest,classical,7,1,1,0.7066666666666667
168,RandomForest,classical,7,0,0,0.11333333333333333
174,RandomForest,classical,7,0,0,0.08333333333333333
190,RandomForest,classical,7,0,0,0.3933333333333333
198,RandomForest,classical,7,0,0,0.38666666666666666
210,RandomForest,classical,7,0,0,0.15
227,RandomForest,classical,7,0,0,0.38333333333333336
229,RandomForest,classical,7,0,0,0.04
236,RandomForest,classical,7,0,0,0.36
239,RandomForest,classical,7,0,0,0.13333333333333333
244,RandomForest,classical,7,1,1,0.94
258,RandomForest,classical,7,1,1,0.8
263,RandomForest,classical,7,1,1,0.8566666666666667
271,RandomForest,classical,7,1,0,0.49
298,RandomForest,classical,7,1,1,0.7733333333333333
306,RandomForest,classical,7,1,1,0.7166666666666667
313,RandomForest,classical,7,1,1,0.93
326,RandomForest,classical,7,1,1,0.91
2,RandomForest,classical,8,0,0,0.15
16,RandomForest,classical,8,0,0,0.21666666666666667
42,RandomForest,classical,8,0,0,0.06
48,RandomForest,classical,8,0,0,0.14666666666666667
70,RandomForest,classical,8,0,0,0.14333333333333334
71,RandomForest,classical,8,0,0,0.15
80,RandomForest,classical,8,0,0,0.22
89,RandomForest,classical,8,0,0,0.38333333333333336
110,RandomForest,classical,8,1,1,0.7033333333333334
131,RandomForest,classical,8,1,1,0.6466666666666666
148,RandomForest,classical,8,1,1,0.78
149,RandomForest,classical,8,1,1,0.65
160,RandomForest,classical,8,1,1,0.5233333333333333
169,RandomForest,classical,8,0,0,0.45
170,RandomForest,classical,8,0,0,0.19
177,RandomForest,classical,8,0,0,0.05333333333333334
178,RandomForest,classical,8,0,0,0.056666666666666664
189,RandomForest,classical,8,0,0,0.4033333333333333
219,RandomForest,classical,8,0,0,0.36666666666666664
225,RandomForest,classical,8,0,0,0.15666666666666668
232,RandomForest,classical,8,0,0,0.16333333333333333
245,RandomForest,classical,8,1,1,0.89
255,RandomForest,classical,8,1,1,0.9233333333333333
256,RandomForest,classical,8,1,1,0.95
266,RandomForest,classical,8,1,1,0.9033333333333333
270,RandomForest,classical,8,1,1,0.8833333333333333
300,RandomForest,classical,8,1,1,0.7933333333333333
301,RandomForest,classical,8,1,1,0.8633333333333333
308,RandomForest,classical,8,1,1,0.94
315,RandomForest,classical,8,1,1,0.8466666666666667
318,RandomForest,classical,8,1,1,0.9433333333333334
319,RandomForest,classical,8,1,1,0.9233333333333333
321,RandomForest,classical,8,1,1,0.76
0,RandomForest,classical,9,0,0,0.29
9,RandomForest,classical,9,0,0,0.08
28,RandomForest,classical,9,0,0,0.14666666666666667
30,RandomForest,classical,9,0,0,0.023333333333333334
41,RandomForest,classical,9,0,0,0.15333333333333332
44,RandomForest,classical,9,0,0,0.09
57,RandomForest,classical,9,0,0,0.17333333333333334
61,RandomForest,classical,9,0,0,0.24666666666666667
63,RandomForest,classical,9,0,0,0.17333333333333334
74,RandomForest,classical,9,0,0,0.04666666666666667
87,RandomForest,classical,9,0,0,0.19666666666666666
104,RandomForest,classical,9,1,1,0.8233333333333334
109,RandomForest,classical,9,1,1,0.8666666666666667
119,RandomForest,classical,9,1,1,0.6533333333333333
157,RandomForest,classical,9,1,1,0.8333333333333334
159,RandomForest,classical,9,1,1,0.6666666666666666
193,RandomForest,classical,9,0,0,0.35333333333333333
194,RandomForest,classical,9,0,0,0.16
201,RandomForest,classical,9,0,1,0.5866666666666667
205,RandomForest,classical,9,0,0,0.18666666666666668
206,RandomForest,classical,9,0,0,0.1
247,RandomForest,classical,9,1,1,0.6633333333333333
250,RandomForest,classical,9,1,1,0.8766666666666667
264,RandomForest,classical,9,1,1,0.96
280,RandomForest,classical,9,1,1,0.7833333333333333
286,RandomForest,classical,9,1,1,0.7933333333333333
290,RandomForest,classical,9,1,1,0.8133333333333334
295,RandomForest,classical,9,1,1,0.89
297,RandomForest,classical,9,1,1,0.8766666666666667
299,RandomForest,classical,9,1,1,0.87
305,RandomForest,classical,9,1,1,0.93
312,RandomForest,classical,9,1,1,0.8966666666666666
329,RandomForest,classical,9,1,1,0.9266666666666666
6,RandomForest,classical,10,0,0,0.22
18,RandomForest,classical,10,0,0,0.30333333333333334
25,RandomForest,classical,10,0,0,0.19
29,RandomForest,classical,10,0,0,0.34
39,RandomForest,classical,10,0,0,0.13
86,RandomForest,classical,10,0,0,0.3933333333333333
101,RandomForest,classical,10,1,1,0.5266666666666666
102,RandomForest,classical,10,1,1,0.79
103,RandomForest,classical,10,1,1,0.7833333333333333
111,RandomForest,classical,10,1,1,0.8233333333333334
127,RandomForest,classical,10,1,1,0.6766666666666666
136,RandomForest,classical,10,1,1,0.54
145,RandomForest,classical,10,1,1,0.7333333333333333
150,RandomForest,classical,10,1,0,0.44333333333333336
155,RandomForest,classical,10,1,1,0.7866666666666666
162,RandomForest,classical,10,1,1,0.8966666666666666
172,RandomForest,classical,10,0,0,0.06333333333333334
179,RandomForest,classical,10,0,0,0.28
197,RandomForest,classical,10,0,0,0.25666666666666665
207,RandomForest,classical,10,0,0,0.13666666666666666
212,RandomForest,classical,10,0,0,0.44
218,RandomForest,classical,10,0,0,0.2633333333333333
221,RandomForest,classical,10,0,0,0.36
224,RandomForest,classical,10,0,0,0.4066666666666667
226,RandomForest,classical,10,0,0,0.3233333333333333
233,RandomForest,classical,10,0,0,0.3233333333333333
253,RandomForest,classical,10,1,1,0.8366666666666667
260,RandomForest,classical,10,1,1,0.9066666666666666
277,RandomForest,classical,10,1,1,0.83
284,RandomForest,classical,10,1,1,0.93
291,RandomForest,classical,10,1,1,0.8566666666666667
316,RandomForest,classical,10,1,1,0.9133333333333333
327,RandomForest,classical,10,1,1,0.8366666666666667
12,XGBoost,classical,1,0,0,0.009971163235604763
19,XGBoost,classical,1,0,0,0.03877004235982895
22,XGBoost,classical,1,0,0,0.00575803779065609
23,XGBoost,classical,1,0,0,0.019964583218097687
34,XGBoost,classical,1,0,0,0.009004492312669754
51,XGBoost,classical,1,0,0,0.0068831127136945724
54,XGBoost,classical,1,0,0,0.005298327654600143
60,XGBoost,classical,1,0,0,0.005750920157879591
66,XGBoost,classical,1,0,0,0.0062128696590662
69,XGBoost,classical,1,0,0,0.007161526940762997
90,XGBoost,classical,1,1,0,0.09209398180246353
91,XGBoost,classical,1,1,0,0.1698126196861267
98,XGBoost,classical,1,1,1,0.9880324602127075
105,XGBoost,classical,1,1,1,0.9853692650794983
107,XGBoost,classical,1,1,1,0.971524178981781
121,XGBoost,classical,1,1,1,0.9892005920410156
123,XGBoost,classical,1,1,1,0.9890714883804321
139,XGBoost,classical,1,1,1,0.9721588492393494
154,XGBoost,classical,1,1,1,0.9927836656570435
163,XGBoost,classical,1,1,1,0.9894994497299194
176,XGBoost,classical,1,0,0,0.034818559885025024
186,XGBoost,classical,1,0,0,0.016109487041831017
196,XGBoost,classical,1,0,0,0.030451709404587746
199,XGBoost,classical,1,0,0,0.0210363008081913
202,XGBoost,classical,1,0,0,0.03779725357890129
222,XGBoost,classical,1,0,0,0.017333678901195526
237,XGBoost,classical,1,0,0,0.015877949073910713
267,XGBoost,classical,1,1,1,0.9947400689125061
268,XGBoost,classical,1,1,1,0.9934945702552795
288,XGBoost,classical,1,1,1,0.9892136454582214
294,XGBoost,classical,1,1,1,0.9841080904006958
303,XGBoost,classical,1,1,1,0.9932882189750671
314,XGBoost,classical,1,1,1,0.9898911714553833
5,XGBoost,classical,2,0,0,0.016095049679279327
10,XGBoost,classical,2,0,0,0.007690849713981152
14,XGBoost,classical,2,0,0,0.01700439676642418
15,XGBoost,classical,2,0,0,0.012156276032328606
21,XGBoost,classical,2,0,0,0.0049770791083574295
24,XGBoost,classical,2,0,0,0.03181836009025574
40,XGBoost,classical,2,0,0,0.018390286713838577
47,XGBoost,classical,2,0,0,0.009382749907672405
55,XGBoost,classical,2,0,0,0.007620102725923061
62,XGBoost,classical,2,0,0,0.03990509361028671
75,XGBoost,classical,2,0,0,0.017094319686293602
78,XGBoost,classical,2,0,0,0.010566599667072296
79,XGBoost,classical,2,0,0,0.01075378805398941
92,XGBoost,classical,2,1,1,0.9524849057197571
94,XGBoost,classical,2,1,1,0.9383178949356079
120,XGBoost,classical,2,1,1,0.9788273572921753
129,XGBoost,classical,2,1,1,0.9918991327285767
130,XGBoost,classical,2,1,1,0.988526463508606
133,XGBoost,classical,2,1,1,0.9824046492576599
167,XGBoost,classical,2,0,0,0.04082700237631798
203,XGBoost,classical,2,0,0,0.0066435979679226875
216,XGBoost,classical,2,0,0,0.014996873214840889
234,XGBoost,classical,2,0,0,0.011888313107192516
240,XGBoost,classical,2,1,0,0.4501439929008484
241,XGBoost,classical,2,1,0,0.40692976117134094
259,XGBoost,classical,2,1,1,0.986657440662384
273,XGBoost,classical,2,1,1,0.9878787398338318
275,XGBoost,classical,2,1,1,0.9877741932868958
282,XGBoost,classical,2,1,1,0.9907735586166382
287,XGBoost,classical,2,1,1,0.9899751543998718
317,XGBoost,classical,2,1,1,0.9951969981193542
323,XGBoost,classical,2,1,1,0.9948925971984863
328,XGBoost,classical,2,1,1,0.995093822479248
36,XGBoost,classical,3,0,0,0.006948910187929869
37,XGBoost,classical,3,0,0,0.007516551297158003
45,XGBoost,classical,3,0,0,0.00910204742103815
58,XGBoost,classical,3,0,0,0.008743660524487495
59,XGBoost,classical,3,0,0,0.0057333908043801785
73,XGBoost,classical,3,0,0,0.009905543178319931
76,XGBoost,classical,3,0,0,0.01625654473900795
83,XGBoost,classical,3,0,0,0.010528664104640484
88,XGBoost,classical,3,0,0,0.03687463700771332
95,XGBoost,classical,3,1,1,0.9885744452476501
118,XGBoost,classical,3,1,1,0.9653851389884949
126,XGBoost,classical,3,1,1,0.9884953498840332
128,XGBoost,classical,3,1,1,0.9865474700927734
132,XGBoost,classical,3,1,1,0.9642497301101685
152,XGBoost,classical,3,1,1,0.974105179309845
153,XGBoost,classical,3,1,1,0.9886200428009033
156,XGBoost,classical,3,1,1,0.9509575963020325
158,XGBoost,classical,3,1,1,0.9866496920585632
164,XGBoost,classical,3,1,1,0.8350436687469482
180,XGBoost,classical,3,0,0,0.010905166156589985
181,XGBoost,classical,3,0,0,0.023677844554185867
184,XGBoost,classical,3,0,0,0.019398093223571777
185,XGBoost,classical,3,0,0,0.017567111179232597
187,XGBoost,classical,3,0,0,0.009336178191006184
211,XGBoost,classical,3,0,0,0.02669026143848896
214,XGBoost,classical,3,0,0,0.01667175255715847
220,XGBoost,classical,3,0,0,0.011909756809473038
248,XGBoost,classical,3,1,1,0.9921215772628784
249,XGBoost,classical,3,1,1,0.9913225173950195
257,XGBoost,classical,3,1,1,0.9955234527587891
274,XGBoost,classical,3,1,1,0.9945787191390991
302,XGBoost,classical,3,1,1,0.9341963529586792
325,XGBoost,classical,3,1,1,0.9915237426757812
3,XGBoost,classical,4,0,0,0.0085995402187109
7,XGBoost,classical,4,0,0,0.008809293620288372
13,XGBoost,classical,4,0,0,0.009282846003770828
27,XGBoost,classical,4,0,0,0.007690921891480684
32,XGBoost,classical,4,0,0,0.006695843767374754
49,XGBoost,classical,4,0,0,0.00696376571431756
52,XGBoost,classical,4,0,0,0.009999606758356094
72,XGBoost,classical,4,0,0,0.008301999419927597
97,XGBoost,classical,4,1,1,0.9850314855575562
99,XGBoost,classical,4,1,1,0.9792735576629639
134,XGBoost,classical,4,1,1,0.9872641563415527
135,XGBoost,classical,4,1,1,0.9874229431152344
140,XGBoost,classical,4,1,1,0.972740113735199
161,XGBoost,classical,4,1,1,0.9882518649101257
165,XGBoost,classical,4,0,1,0.8990516662597656
171,XGBoost,classical,4,0,0,0.006706778891384602
175,XGBoost,classical,4,0,0,0.008412543684244156
200,XGBoost,classical,4,0,0,0.1234532967209816
208,XGBoost,classical,4,0,0,0.011256818659603596
209,XGBoost,classical,4,0,0,0.010133558884263039
213,XGBoost,classical,4,0,0,0.012491358444094658
217,XGBoost,classical,4,0,0,0.011724803596735
223,XGBoost,classical,4,0,0,0.012410061433911324
242,XGBoost,classical,4,1,1,0.9943747520446777
243,XGBoost,classical,4,1,1,0.9423569440841675
276,XGBoost,classical,4,1,1,0.9941005110740662
278,XGBoost,classical,4,1,1,0.9821606874465942
285,XGBoost,classical,4,1,1,0.989072322845459
293,XGBoost,classical,4,1,1,0.9899126887321472
304,XGBoost,classical,4,1,1,0.990405261516571
309,XGBoost,classical,4,1,1,0.9867172241210938
310,XGBoost,classical,4,1,1,0.9910927414894104
311,XGBoost,classical,4,1,1,0.9930186867713928
20,XGBoost,classical,5,0,0,0.006878019776195288
31,XGBoost,classical,5,0,0,0.007925071753561497
33,XGBoost,classical,5,0,0,0.006513384636491537
38,XGBoost,classical,5,0,0,0.015083342790603638
46,XGBoost,classical,5,0,0,0.007138492539525032
56,XGBoost,classical,5,0,0,0.005638351663947105
65,XGBoost,classical,5,0,0,0.01223929226398468
81,XGBoost,classical,5,0,0,0.028417643159627914
82,XGBoost,classical,5,0,0,0.02896360494196415
93,XGBoost,classical,5,1,1,0.9683216214179993
96,XGBoost,classical,5,1,1,0.9868388772010803
100,XGBoost,classical,5,1,1,0.9615386128425598
108,XGBoost,classical,5,1,1,0.9785110354423523
115,XGBoost,classical,5,1,1,0.9764921069145203
116,XGBoost,classical,5,1,1,0.9894903302192688
125,XGBoost,classical,5,1,1,0.9753090739250183
143,XGBoost,classical,5,1,1,0.9898492097854614
166,XGBoost,classical,5,0,0,0.017877357080578804
182,XGBoost,classical,5,0,0,0.010225323960185051
183,XGBoost,classical,5,0,0,0.01705004647374153
188,XGBoost,classical,5,0,0,0.05633639544248581
192,XGBoost,classical,5,0,0,0.06195374205708504
204,XGBoost,classical,5,0,0,0.026614150032401085
231,XGBoost,classical,5,0,0,0.010818826965987682
235,XGBoost,classical,5,0,0,0.023231985047459602
251,XGBoost,classical,5,1,1,0.9924716949462891
254,XGBoost,classical,5,1,1,0.9746443629264832
262,XGBoost,classical,5,1,1,0.9950153231620789
265,XGBoost,classical,5,1,1,0.9937620759010315
272,XGBoost,classical,5,1,1,0.9940657615661621
279,XGBoost,classical,5,1,1,0.9910637140274048
281,XGBoost,classical,5,1,1,0.9908545017242432
322,XGBoost,classical,5,1,1,0.9916765689849854
4,XGBoost,classical,6,0,0,0.008512546308338642
11,XGBoost,classical,6,0,0,0.006039155647158623
26,XGBoost,classical,6,0,0,0.005423997063189745
35,XGBoost,classical,6,0,0,0.012560293078422546
43,XGBoost,classical,6,0,0,0.006495684385299683
50,XGBoost,classical,6,0,0,0.006143330596387386
53,XGBoost,classical,6,0,0,0.00819322094321251
67,XGBoost,classical,6,0,0,0.009017279371619225
84,XGBoost,classical,6,0,0,0.02246342971920967
106,XGBoost,classical,6,1,1,0.9879627823829651
114,XGBoost,classical,6,1,1,0.9479120373725891
122,XGBoost,classical,6,1,1,0.9907863736152649
144,XGBoost,classical,6,1,1,0.9738801121711731
147,XGBoost,classical,6,1,1,0.9421170353889465
151,XGBoost,classical,6,1,1,0.9902486205101013
173,XGBoost,classical,6,0,0,0.008887305855751038
191,XGBoost,classical,6,0,0,0.010783575475215912
195,XGBoost,classical,6,0,0,0.027392813935875893
215,XGBoost,classical,6,0,0,0.028876470401883125
228,XGBoost,classical,6,0,0,0.012273252010345459
230,XGBoost,classical,6,0,0,0.0383152961730957
238,XGBoost,classical,6,0,0,0.02050454169511795
246,XGBoost,classical,6,1,1,0.9864305257797241
252,XGBoost,classical,6,1,1,0.9948741793632507
261,XGBoost,classical,6,1,1,0.9943037033081055
269,XGBoost,classical,6,1,1,0.9958797693252563
283,XGBoost,classical,6,1,1,0.9847592711448669
289,XGBoost,classical,6,1,1,0.9844695329666138
292,XGBoost,classical,6,1,1,0.9571886658668518
296,XGBoost,classical,6,1,1,0.9770774841308594
307,XGBoost,classical,6,1,1,0.9712933301925659
320,XGBoost,classical,6,1,1,0.994388997554779
324,XGBoost,classical,6,1,1,0.9940880537033081
1,XGBoost,classical,7,0,0,0.01601916179060936
8,XGBoost,classical,7,0,0,0.008035300299525261
17,XGBoost,classical,7,0,0,0.005259898956865072
64,XGBoost,classical,7,0,0,0.0051375143229961395
68,XGBoost,classical,7,0,0,0.0056044794619083405
77,XGBoost,classical,7,0,0,0.015110448002815247
85,XGBoost,classical,7,0,0,0.01574927195906639
112,XGBoost,classical,7,1,1,0.9619777798652649
113,XGBoost,classical,7,1,1,0.9541805982589722
117,XGBoost,classical,7,1,1,0.9819357991218567
124,XGBoost,classical,7,1,1,0.9798357486724854
137,XGBoost,classical,7,1,1,0.9798986911773682
138,XGBoost,classical,7,1,1,0.9515393376350403
141,XGBoost,classical,7,1,1,0.9850968718528748
142,XGBoost,classical,7,1,1,0.9907301068305969
146,XGBoost,classical,7,1,1,0.9707100987434387
168,XGBoost,classical,7,0,0,0.016911916434764862
174,XGBoost,classical,7,0,0,0.009474219754338264
190,XGBoost,classical,7,0,0,0.025047682225704193
198,XGBoost,classical,7,0,0,0.024926330894231796
210,XGBoost,classical,7,0,0,0.011928126215934753
227,XGBoost,classical,7,0,0,0.0254557766020298
229,XGBoost,classical,7,0,0,0.009224911220371723
236,XGBoost,classical,7,0,0,0.03573562949895859
239,XGBoost,classical,7,0,0,0.051016613841056824
244,XGBoost,classical,7,1,1,0.9940599203109741
258,XGBoost,classical,7,1,1,0.9842435121536255
263,XGBoost,classical,7,1,1,0.9902111887931824
271,XGBoost,classical,7,1,1,0.8183643817901611
298,XGBoost,classical,7,1,1,0.9845460653305054
306,XGBoost,classical,7,1,1,0.9834475517272949
313,XGBoost,classical,7,1,1,0.9933955073356628
326,XGBoost,classical,7,1,1,0.9927201271057129
2,XGBoost,classical,8,0,0,0.006452249363064766
16,XGBoost,classical,8,0,0,0.010379861108958721
42,XGBoost,classical,8,0,0,0.0076947263441979885
48,XGBoost,classical,8,0,0,0.0070201801136136055
70,XGBoost,classical,8,0,0,0.009488003328442574
71,XGBoost,classical,8,0,0,0.01782434619963169
80,XGBoost,classical,8,0,0,0.016897667199373245
89,XGBoost,classical,8,0,0,0.034567881375551224
110,XGBoost,classical,8,1,1,0.9762750267982483
131,XGBoost,classical,8,1,1,0.9706432819366455
148,XGBoost,classical,8,1,1,0.9908066391944885
149,XGBoost,classical,8,1,1,0.9872587323188782
160,XGBoost,classical,8,1,1,0.9825965762138367
169,XGBoost,classical,8,0,0,0.04219011962413788
170,XGBoost,classical,8,0,0,0.006267128512263298
177,XGBoost,classical,8,0,0,0.007159415632486343
178,XGBoost,classical,8,0,0,0.007520603947341442
189,XGBoost,classical,8,0,0,0.0321071520447731
219,XGBoost,classical,8,0,0,0.03414258360862732
225,XGBoost,classical,8,0,0,0.01734686642885208
232,XGBoost,classical,8,0,0,0.01624177396297455
245,XGBoost,classical,8,1,1,0.9921998381614685
255,XGBoost,classical,8,1,1,0.9965435862541199
256,XGBoost,classical,8,1,1,0.9960709810256958
266,XGBoost,classical,8,1,1,0.9966083765029907
270,XGBoost,classical,8,1,1,0.9936070442199707
300,XGBoost,classical,8,1,1,0.9864290952682495
301,XGBoost,classical,8,1,1,0.9934101700782776
308,XGBoost,classical,8,1,1,0.9870376586914062
315,XGBoost,classical,8,1,1,0.9865516424179077
318,XGBoost,classical,8,1,1,0.9955710768699646
319,XGBoost,classical,8,1,1,0.9927802681922913
321,XGBoost,classical,8,1,1,0.9843807220458984
0,XGBoost,classical,9,0,0,0.015953155234456062
9,XGBoost,classical,9,0,0,0.00949870515614748
28,XGBoost,classical,9,0,0,0.00994249526411295
30,XGBoost,classical,9,0,0,0.004520672373473644
41,XGBoost,classical,9,0,0,0.010123303160071373
44,XGBoost,classical,9,0,0,0.005666124168783426
57,XGBoost,classical,9,0,0,0.01806640811264515
61,XGBoost,classical,9,0,0,0.007704270537942648
63,XGBoost,classical,9,0,0,0.016225241124629974
74,XGBoost,classical,9,0,0,0.005336792673915625
87,XGBoost,classical,9,0,0,0.009710499085485935
104,XGBoost,classical,9,1,1,0.983869731426239
109,XGBoost,classical,9,1,1,0.9910802245140076
119,XGBoost,classical,9,1,1,0.9792414307594299
157,XGBoost,classical,9,1,1,0.9927200078964233
159,XGBoost,classical,9,1,1,0.9854954481124878
193,XGBoost,classical,9,0,0,0.014095637015998363
194,XGBoost,classical,9,0,0,0.011429485864937305
201,XGBoost,classical,9,0,0,0.10944979637861252
205,XGBoost,classical,9,0,0,0.013438372872769833
206,XGBoost,classical,9,0,0,0.010835950262844563
247,XGBoost,classical,9,1,1,0.9818571209907532
250,XGBoost,classical,9,1,1,0.9906678795814514
264,XGBoost,classical,9,1,1,0.994507372379303
280,XGBoost,classical,9,1,1,0.9848060011863708
286,XGBoost,classical,9,1,1,0.9791682958602905
290,XGBoost,classical,9,1,1,0.9870246648788452
295,XGBoost,classical,9,1,1,0.9927904605865479
297,XGBoost,classical,9,1,1,0.9896386861801147
299,XGBoost,classical,9,1,1,0.981191098690033
305,XGBoost,classical,9,1,1,0.9926050901412964
312,XGBoost,classical,9,1,1,0.9898189902305603
329,XGBoost,classical,9,1,1,0.994946300983429
6,XGBoost,classical,10,0,0,0.004223365802317858
18,XGBoost,classical,10,0,0,0.0201732087880373
25,XGBoost,classical,10,0,0,0.014492114074528217
29,XGBoost,classical,10,0,0,0.02591823972761631
39,XGBoost,classical,10,0,0,0.012912356294691563
86,XGBoost,classical,10,0,0,0.02387513592839241
101,XGBoost,classical,10,1,1,0.9620471000671387
102,XGBoost,classical,10,1,1,0.9858483076095581
103,XGBoost,classical,10,1,1,0.9786983132362366
111,XGBoost,classical,10,1,1,0.9905389547348022
127,XGBoost,classical,10,1,1,0.9896450042724609
136,XGBoost,classical,10,1,1,0.9295085072517395
145,XGBoost,classical,10,1,1,0.981293261051178
150,XGBoost,classical,10,1,1,0.9746536612510681
155,XGBoost,classical,10,1,1,0.9894335865974426
162,XGBoost,classical,10,1,1,0.9958001971244812
172,XGBoost,classical,10,0,0,0.007834573276340961
179,XGBoost,classical,10,0,0,0.030112221837043762
197,XGBoost,classical,10,0,0,0.053168125450611115
207,XGBoost,classical,10,0,0,0.01004465576261282
212,XGBoost,classical,10,0,0,0.08321107923984528
218,XGBoost,classical,10,0,0,0.022272802889347076
221,XGBoost,classical,10,0,0,0.035387974232435226
224,XGBoost,classical,10,0,0,0.043106235563755035
226,XGBoost,classical,10,0,0,0.019299019128084183
233,XGBoost,classical,10,0,0,0.03276754915714264
253,XGBoost,classical,10,1,1,0.9833288192749023
260,XGBoost,classical,10,1,1,0.992809534072876
277,XGBoost,classical,10,1,1,0.9943716526031494
284,XGBoost,classical,10,1,1,0.9962324500083923
291,XGBoost,classical,10,1,1,0.9916059970855713
316,XGBoost,classical,10,1,1,0.9960482716560364
327,XGBoost,classical,10,1,1,0.9914719462394714
12,KNN,classical,1,0,0,0.0
19,KNN,classical,1,0,1,0.6
22,KNN,classical,1,0,0,0.0
23,KNN,classical,1,0,1,0.8
34,KNN,classical,1,0,0,0.0
51,KNN,classical,1,0,0,0.0
54,KNN,classical,1,0,0,0.0
60,KNN,classical,1,0,0,0.0
66,KNN,classical,1,0,0,0.0
69,KNN,classical,1,0,0,0.0
90,KNN,classical,1,1,0,0.4
91,KNN,classical,1,1,1,1.0
98,KNN,classical,1,1,1,0.8
105,KNN,classical,1,1,1,1.0
107,KNN,classical,1,1,0,0.4
121,KNN,classical,1,1,1,0.8
123,KNN,classical,1,1,0,0.2
139,KNN,classical,1,1,1,1.0
154,KNN,classical,1,1,1,1.0
163,KNN,classical,1,1,1,0.8
176,KNN,classical,1,0,0,0.2
186,KNN,classical,1,0,0,0.0
196,KNN,classical,1,0,0,0.0
199,KNN,classical,1,0,0,0.0
202,KNN,classical,1,0,0,0.4
222,KNN,classical,1,0,0,0.2
237,KNN,classical,1,0,0,0.0
267,KNN,classical,1,1,1,1.0
268,KNN,classical,1,1,1,1.0
288,KNN,classical,1,1,1,1.0
294,KNN,classical,1,1,1,1.0
303,KNN,classical,1,1,1,1.0
314,KNN,classical,1,1,1,1.0
5,KNN,classical,2,0,0,0.2
10,KNN,classical,2,0,0,0.0
14,KNN,classical,2,0,0,0.4
15,KNN,classical,2,0,0,0.2
21,KNN,classical,2,0,0,0.0
24,KNN,classical,2,0,1,0.6
40,KNN,classical,2,0,0,0.2
47,KNN,classical,2,0,0,0.0
55,KNN,classical,2,0,0,0.0
62,KNN,classical,2,0,1,0.6
75,KNN,classical,2,0,0,0.0
78,KNN,classical,2,0,0,0.0
79,KNN,classical,2,0,0,0.0
92,KNN,classical,2,1,1,0.8
94,KNN,classical,2,1,0,0.4
120,KNN,classical,2,1,1,1.0
129,KNN,classical,2,1,1,0.6
130,KNN,classical,2,1,1,0.6
133,KNN,classical,2,1,1,0.6
167,KNN,classical,2,0,1,0.6
203,KNN,classical,2,0,0,0.0
216,KNN,classical,2,0,0,0.0
234,KNN,classical,2,0,0,0.0
240,KNN,classical,2,1,1,1.0
241,KNN,classical,2,1,1,1.0
259,KNN,classical,2,1,1,1.0
273,KNN,classical,2,1,1,0.8
275,KNN,classical,2,1,1,1.0
282,KNN,classical,2,1,1,1.0
287,KNN,classical,2,1,1,1.0
317,KNN,classical,2,1,1,1.0
323,KNN,classical,2,1,1,1.0
328,KNN,classical,2,1,1,1.0
36,KNN,classical,3,0,0,0.0
37,KNN,classical,3,0,0,0.0
45,KNN,classical,3,0,0,0.0
58,KNN,classical,3,0,0,0.0
59,KNN,classical,3,0,0,0.0
73,KNN,classical,3,0,0,0.0
76,KNN,classical,3,0,0,0.0
83,KNN,classical,3,0,0,0.0
88,KNN,classical,3,0,0,0.2
95,KNN,classical,3,1,0,0.4
118,KNN,classical,3,1,0,0.0
126,KNN,classical,3,1,1,0.8
128,KNN,classical,3,1,1,0.6
132,KNN,classical,3,1,1,0.6
152,KNN,classical,3,1,1,0.6
153,KNN,classical,3,1,1,1.0
156,KNN,classical,3,1,1,0.8
158,KNN,classical,3,1,1,1.0
164,KNN,classical,3,1,1,1.0
180,KNN,classical,3,0,0,0.0
181,KNN,classical,3,0,0,0.0
184,KNN,classical,3,0,0,0.0
185,KNN,classical,3,0,0,0.2
187,KNN,classical,3,0,0,0.0
211,KNN,classical,3,0,0,0.0
214,KNN,classical,3,0,0,0.2
220,KNN,classical,3,0,0,0.0
248,KNN,classical,3,1,1,1.0
249,KNN,classical,3,1,1,0.8
257,KNN,classical,3,1,1,1.0
274,KNN,classical,3,1,1,0.8
302,KNN,classical,3,1,1,1.0
325,KNN,classical,3,1,1,0.8
3,KNN,classical,4,0,0,0.0
7,KNN,classical,4,0,0,0.0
13,KNN,classical,4,0,0,0.0
27,KNN,classical,4,0,0,0.0
32,KNN,classical,4,0,0,0.0
49,KNN,classical,4,0,0,0.0
52,KNN,classical,4,0,0,0.0
72,KNN,classical,4,0,0,0.2
97,KNN,classical,4,1,1,0.6
99,KNN,classical,4,1,1,1.0
134,KNN,classical,4,1,1,0.6
135,KNN,classical,4,1,1,1.0
140,KNN,classical,4,1,1,1.0
161,KNN,classical,4,1,1,1.0
165,KNN,classical,4,0,0,0.2
171,KNN,classical,4,0,0,0.0
175,KNN,classical,4,0,0,0.0
200,KNN,classical,4,0,0,0.4
208,KNN,classical,4,0,0,0.0
209,KNN,classical,4,0,0,0.0
213,KNN,classical,4,0,0,0.2
217,KNN,classical,4,0,0,0.2
223,KNN,classical,4,0,0,0.2
242,KNN,classical,4,1,1,1.0
243,KNN,classical,4,1,0,0.4
276,KNN,classical,4,1,1,1.0
278,KNN,classical,4,1,1,0.8
285,KNN,classical,4,1,1,1.0
293,KNN,classical,4,1,1,1.0
304,KNN,classical,4,1,1,1.0
309,KNN,classical,4,1,1,1.0
310,KNN,classical,4,1,1,1.0
311,KNN,classical,4,1,1,1.0
20,KNN,classical,5,0,0,0.2
31,KNN,classical,5,0,0,0.2
33,KNN,classical,5,0,0,0.0
38,KNN,classical,5,0,0,0.0
46,KNN,classical,5,0,0,0.0
56,KNN,classical,5,0,0,0.0
65,KNN,classical,5,0,0,0.0
81,KNN,classical,5,0,0,0.0
82,KNN,classical,5,0,0,0.2
93,KNN,classical,5,1,1,0.8
96,KNN,classical,5,1,1,0.8
100,KNN,classical,5,1,1,1.0
108,KNN,classical,5,1,1,0.8
115,KNN,classical,5,1,1,0.8
116,KNN,classical,5,1,1,0.8
125,KNN,classical,5,1,0,0.4
143,KNN,classical,5,1,0,0.4
166,KNN,classical,5,0,0,0.0
182,KNN,classical,5,0,0,0.2
183,KNN,classical,5,0,0,0.0
188,KNN,classical,5,0,0,0.2
192,KNN,classical,5,0,0,0.2
204,KNN,classical,5,0,0,0.0
231,KNN,classical,5,0,0,0.0
235,KNN,classical,5,0,0,0.2
251,KNN,classical,5,1,1,1.0
254,KNN,classical,5,1,1,0.8
262,KNN,classical,5,1,1,1.0
265,KNN,classical,5,1,1,1.0
272,KNN,classical,5,1,1,1.0
279,KNN,classical,5,1,1,0.8
281,KNN,classical,5,1,1,1.0
322,KNN,classical,5,1,1,0.8
4,KNN,classical,6,0,0,0.0
11,KNN,classical,6,0,0,0.0
26,KNN,classical,6,0,1,0.6
35,KNN,classical,6,0,0,0.0
43,KNN,classical,6,0,0,0.0
50,KNN,classical,6,0,0,0.0
53,KNN,classical,6,0,0,0.0
67,KNN,classical,6,0,0,0.2
84,KNN,classical,6,0,0,0.0
106,KNN,classical,6,1,1,0.6
114,KNN,classical,6,1,0,0.0
122,KNN,classical,6,1,1,0.8
144,KNN,classical,6,1,1,1.0
147,KNN,classical,6,1,1,0.8
151,KNN,classical,6,1,1,1.0
173,KNN,classical,6,0,0,0.0
191,KNN,classical,6,0,0,0.0
195,KNN,classical,6,0,0,0.0
215,KNN,classical,6,0,0,0.2
228,KNN,classical,6,0,0,0.0
230,KNN,classical,6,0,0,0.4
238,KNN,classical,6,0,0,0.0
246,KNN,classical,6,1,0,0.2
252,KNN,classical,6,1,1,1.0
261,KNN,classical,6,1,1,1.0
269,KNN,classical,6,1,1,1.0
283,KNN,classical,6,1,1,0.8
289,KNN,classical,6,1,1,1.0
292,KNN,classical,6,1,1,0.6
296,KNN,classical,6,1,1,0.8
307,KNN,classical,6,1,1,0.6
320,KNN,classical,6,1,1,1.0
324,KNN,classical,6,1,1,1.0
1,KNN,classical,7,0,0,0.2
8,KNN,classical,7,0,0,0.0
17,KNN,classical,7,0,0,0.4
64,KNN,classical,7,0,0,0.0
68,KNN,classical,7,0,0,0.0
77,KNN,classical,7,0,0,0.0
85,KNN,classical,7,0,0,0.0
112,KNN,classical,7,1,1,0.6
113,KNN,classical,7,1,0,0.2
117,KNN,classical,7,1,1,0.6
124,KNN,classical,7,1,1,0.8
137,KNN,classical,7,1,1,1.0
138,KNN,classical,7,1,1,0.6
141,KNN,classical,7,1,0,0.4
142,KNN,classical,7,1,1,0.8
146,KNN,classical,7,1,1,1.0
168,KNN,classical,7,0,0,0.0
174,KNN,classical,7,0,0,0.0
190,KNN,classical,7,0,0,0.2
198,KNN,classical,7,0,0,0.0
210,KNN,classical,7,0,0,0.0
227,KNN,classical,7,0,0,0.4
229,KNN,classical,7,0,0,0.0
236,KNN,classical,7,0,0,0.0
239,KNN,classical,7,0,0,0.0
244,KNN,classical,7,1,1,1.0
258,KNN,classical,7,1,1,0.6
263,KNN,classical,7,1,1,1.0
271,KNN,classical,7,1,0,0.4
298,KNN,classical,7,1,1,1.0
306,KNN,classical,7,1,1,1.0
313,KNN,classical,7,1,1,1.0
326,KNN,classical,7,1,1,1.0
2,KNN,classical,8,0,0,0.2
16,KNN,classical,8,0,0,0.0
42,KNN,classical,8,0,0,0.0
48,KNN,classical,8,0,0,0.0
70,KNN,classical,8,0,0,0.0
71,KNN,classical,8,0,0,0.0
80,KNN,classical,8,0,0,0.0
89,KNN,classical,8,0,0,0.0
110,KNN,classical,8,1,1,0.6
131,KNN,classical,8,1,1,0.8
148,KNN,classical,8,1,1,1.0
149,KNN,classical,8,1,1,1.0
160,KNN,classical,8,1,1,0.6
169,KNN,classical,8,0,0,0.2
170,KNN,classical,8,0,0,0.0
177,KNN,classical,8,0,0,0.0
178,KNN,classical,8,0,0,0.0
189,KNN,classical,8,0,0,0.0
219,KNN,classical,8,0,0,0.0
225,KNN,classical,8,0,0,0.0
232,KNN,classical,8,0,0,0.0
245,KNN,classical,8,1,1,0.8
255,KNN,classical,8,1,1,1.0
256,KNN,classical,8,1,1,1.0
266,KNN,classical,8,1,1,1.0
270,KNN,classical,8,1,1,1.0
300,KNN,classical,8,1,1,0.8
301,KNN,classical,8,1,1,0.6
308,KNN,classical,8,1,1,1.0
315,KNN,classical,8,1,1,0.8
318,KNN,classical,8,1,1,1.0
319,KNN,classical,8,1,1,1.0
321,KNN,classical,8,1,0,0.0
0,KNN,classical,9,0,0,0.0
9,KNN,classical,9,0,0,0.0
28,KNN,classical,9,0,0,0.2
30,KNN,classical,9,0,0,0.0
41,KNN,classical,9,0,0,0.0
44,KNN,classical,9,0,0,0.2
57,KNN,classical,9,0,0,0.0
61,KNN,classical,9,0,0,0.2
63,KNN,classical,9,0,0,0.0
74,KNN,classical,9,0,0,0.0
87,KNN,classical,9,0,0,0.0
104,KNN,classical,9,1,1,1.0
109,KNN,classical,9,1,1,1.0
119,KNN,classical,9,1,1,0.6
157,KNN,classical,9,1,1,1.0
159,KNN,classical,9,1,1,0.6
193,KNN,classical,9,0,0,0.2
194,KNN,classical,9,0,0,0.0
201,KNN,classical,9,0,1,0.6
205,KNN,classical,9,0,0,0.2
206,KNN,classical,9,0,0,0.0
247,KNN,classical,9,1,1,0.8
250,KNN,classical,9,1,1,1.0
264,KNN,classical,9,1,1,1.0
280,KNN,classical,9,1,1,0.8
286,KNN,classical,9,1,1,1.0
290,KNN,classical,9,1,1,1.0
295,KNN,classical,9,1,1,1.0
297,KNN,classical,9,1,1,0.8
299,KNN,classical,9,1,1,1.0
305,KNN,classical,9,1,1,1.0
312,KNN,classical,9,1,1,1.0
329,KNN,classical,9,1,1,1.0
6,KNN,classical,10,0,0,0.2
18,KNN,classical,10,0,0,0.4
25,KNN,classical,10,0,0,0.0
29,KNN,classical,10,0,1,0.6
39,KNN,classical,10,0,0,0.0
86,KNN,classical,10,0,0,0.0
101,KNN,classical,10,1,1,0.8
102,KNN,classical,10,1,1,0.6
103,KNN,classical,10,1,1,1.0
111,KNN,classical,10,1,1,0.8
127,KNN,classical,10,1,0,0.2
136,KNN,classical,10,1,1,0.6
145,KNN,classical,10,1,1,1.0
150,KNN,classical,10,1,0,0.4
155,KNN,classical,10,1,1,0.8
162,KNN,classical,10,1,1,1.0
172,KNN,classical,10,0,0,0.0
179,KNN,classical,10,0,0,0.0
197,KNN,classical,10,0,0,0.2
207,KNN,classical,10,0,0,0.0
212,KNN,classical,10,0,0,0.2
218,KNN,classical,10,0,0,0.0
221,KNN,classical,10,0,0,0.4
224,KNN,classical,10,0,0,0.4
226,KNN,classical,10,0,0,0.2
233,KNN,classical,10,0,0,0.0
253,KNN,classical,10,1,1,1.0
260,KNN,classical,10,1,1,1.0
277,KNN,classical,10,1,1,1.0
284,KNN,classical,10,1,1,1.0
291,KNN,classical,10,1,1,1.0
316,KNN,classical,10,1,1,1.0
327,KNN,classical,10,1,1,0.8
12,QSVM,quantum,1,0,0,0.6322698585580517
19,QSVM,quantum,1,0,1,0.020065702994312894
22,QSVM,quantum,1,0,1,0.21396503601219888
23,QSVM,quantum,1,0,1,0.039803286957211324
34,QSVM,quantum,1,0,1,0.09021004688629099
51,QSVM,quantum,1,0,1,0.3742725700387323
54,QSVM,quantum,1,0,1,0.10163927515940131
60,QSVM,quantum,1,0,1,0.049306603515562694
66,QSVM,quantum,1,0,1,0.16720373482360798
69,QSVM,quantum,1,0,1,0.07744387591615241
90,QSVM,quantum,1,1,1,0.039000004281063864
91,QSVM,quantum,1,1,1,0.07394377318860895
98,QSVM,quantum,1,1,1,0.04810845598019713
105,QSVM,quantum,1,1,1,0.07319329324620816
107,QSVM,quantum,1,1,1,0.11510091234869249
121,QSVM,quantum,1,1,1,0.3409888032240609
123,QSVM,quantum,1,1,1,0.12595181158710245
139,QSVM,quantum,1,1,1,0.026261668132623133
154,QSVM,quantum,1,1,1,0.05923285686443879
163,QSVM,quantum,1,1,1,0.05535340716843501
176,QSVM,quantum,1,0,1,0.1950741368535088
186,QSVM,quantum,1,0,1,0.1951989252198234
196,QSVM,quantum,1,0,1,0.08685178426663262
199,QSVM,quantum,1,0,1,0.3407777928235603
202,QSVM,quantum,1,0,1,0.3721308073162857
222,QSVM,quantum,1,0,1,0.04766161423611257
237,QSVM,quantum,1,0,1,0.2119797880340013
267,QSVM,quantum,1,1,1,0.08736384033143062
268,QSVM,quantum,1,1,1,0.010642333472192244
288,QSVM,quantum,1,1,1,0.08049794262132935
294,QSVM,quantum,1,1,1,0.1877340650372929
303,QSVM,quantum,1,1,1,0.2558359455519157
314,QSVM,quantum,1,1,1,0.1871743579471515
5,QSVM,quantum,2,0,1,5.881101647593844e-10
10,QSVM,quantum,2,0,1,4.4421745758942004e-08
14,QSVM,quantum,2,0,1,1.893938061214357e-09
15,QSVM,quantum,2,0,1,4.6911083468388245e-09
21,QSVM,quantum,2,0,1,1.5324648683943225e-08
24,QSVM,quantum,2,0,1,2.218684906999963e-09
40,QSVM,quantum,2,0,1,5.167302633861689e-09
47,QSVM,quantum,2,0,1,1.4513622506783319e-09
55,QSVM,quantum,2,0,1,2.067696357470612e-09
62,QSVM,quantum,2,0,1,8.888203020211343e-09
75,QSVM,quantum,2,0,1,7.959602192123113e-09
78,QSVM,quantum,2,0,1,3.079300615135824e-09
79,QSVM,quantum,2,0,1,2.9375393379189916e-09
92,QSVM,quantum,2,1,1,1.254235762915557e-09
94,QSVM,quantum,2,1,1,3.7030528846453156e-09
120,QSVM,quantum,2,1,1,3.3853231761827225e-09
129,QSVM,quantum,2,1,1,2.5687784180341543e-09
130,QSVM,quantum,2,1,1,1.2551684203026638e-10
133,QSVM,quantum,2,1,1,1.0912945683838488e-08
167,QSVM,quantum,2,0,1,3.597607165191784e-09
203,QSVM,quantum,2,0,1,1.1507455946492712e-08
216,QSVM,quantum,2,0,1,1.5657453104710335e-09
234,QSVM,quantum,2,0,1,9.453409060138691e-08
240,QSVM,quantum,2,1,1,8.987873125583333e-09
241,QSVM,quantum,2,1,1,1.9430844912696923e-09
259,QSVM,quantum,2,1,1,2.8561667079682063e-09
273,QSVM,quantum,2,1,1,7.70133670347263e-09
275,QSVM,quantum,2,1,1,1.2364890127502557e-09
282,QSVM,quantum,2,1,1,5.586917847086249e-09
287,QSVM,quantum,2,1,1,2.480102819690075e-09
317,QSVM,quantum,2,1,1,5.845314112537021e-09
323,QSVM,quantum,2,1,1,5.977363787460909e-09
328,QSVM,quantum,2,1,1,4.701196287824756e-09
36,QSVM,quantum,3,0,1,0.0019050957713699322
37,QSVM,quantum,3,0,1,0.00585156450132806
45,QSVM,quantum,3,0,1,0.01187908939110843
58,QSVM,quantum,3,0,1,0.023764821409220455
59,QSVM,quantum,3,0,1,0.003694052795526528
73,QSVM,quantum,3,0,1,0.004734589473382816
76,QSVM,quantum,3,0,1,0.00011294693105298045
83,QSVM,quantum,3,0,1,0.001634497252471629
88,QSVM,quantum,3,0,1,0.001378009152888453
95,QSVM,quantum,3,1,1,0.000610503666414911
118,QSVM,quantum,3,1,1,0.0021953445055673333
126,QSVM,quantum,3,1,1,0.002640082965679658
128,QSVM,quantum,3,1,1,0.0013412706949558087
132,QSVM,quantum,3,1,1,0.00038470224114873255
152,QSVM,quantum,3,1,1,0.01039930734495741
153,QSVM,quantum,3,1,1,0.002023681419932929
156,QSVM,quantum,3,1,1,0.003747026957241195
158,QSVM,quantum,3,1,1,0.004240096037339262
164,QSVM,quantum,3,1,1,0.011292010578327651
180,QSVM,quantum,3,0,1,0.0010243085041138492
181,QSVM,quantum,3,0,1,0.0035944038928888435
184,QSVM,quantum,3,0,1,0.0036341558203467576
185,QSVM,quantum,3,0,1,0.0009343077921618434
187,QSVM,quantum,3,0,1,0.08204960647614142
211,QSVM,quantum,3,0,1,0.001507095734976641
214,QSVM,quantum,3,0,1,0.002465525828863751
220,QSVM,quantum,3,0,1,0.005472645299469997
248,QSVM,quantum,3,1,1,0.0005546004250882285
249,QSVM,quantum,3,1,1,0.0003368493486541293
257,QSVM,quantum,3,1,1,0.008187571715120861
274,QSVM,quantum,3,1,1,0.0011623180067593536
302,QSVM,quantum,3,1,1,0.0013962169287504958
325,QSVM,quantum,3,1,1,0.0034260336141588212
3,QSVM,quantum,4,0,1,0.0007025598887155541
7,QSVM,quantum,4,0,1,0.02159883576268226
13,QSVM,quantum,4,0,1,0.008034577337789544
27,QSVM,quantum,4,0,1,0.006550488872366401
32,QSVM,quantum,4,0,1,0.00019482648410624754
49,QSVM,quantum,4,0,1,0.0004990885218302615
52,QSVM,quantum,4,0,1,0.0018900654987346473
72,QSVM,quantum,4,0,1,9.685181726307881e-05
97,QSVM,quantum,4,1,1,0.0047521880935761564
99,QSVM,quantum,4,1,1,0.0017085423802470597
134,QSVM,quantum,4,1,1,0.002241353309711457
135,QSVM,quantum,4,1,1,0.0014883093563907877
140,QSVM,quantum,4,1,1,0.000835670492394569
161,QSVM,quantum,4,1,1,0.0003590789823765024
165,QSVM,quantum,4,0,1,0.0046372463416730035
171,QSVM,quantum,4,0,1,0.007078161552708323
175,QSVM,quantum,4,0,1,0.0018995166632586216
200,QSVM,quantum,4,0,1,0.0031602188775077776
208,QSVM,quantum,4,0,1,0.022270779249582928
209,QSVM,quantum,4,0,1,0.0020325877941196157
213,QSVM,quantum,4,0,1,0.0014327091489191401
217,QSVM,quantum,4,0,1,0.0023627514882289106
223,QSVM,quantum,4,0,1,0.001062834240467474
242,QSVM,quantum,4,1,1,0.001471547605081747
243,QSVM,quantum,4,1,1,0.0022090123087466795
276,QSVM,quantum,4,1,1,0.002217945012218105
278,QSVM,quantum,4,1,1,0.0011037352295771368
285,QSVM,quantum,4,1,1,0.0009556236783598997
293,QSVM,quantum,4,1,1,0.002457187456515259
304,QSVM,quantum,4,1,1,0.0014562977657351249
309,QSVM,quantum,4,1,1,0.0014533991583909034
310,QSVM,quantum,4,1,1,0.00803985948498713
311,QSVM,quantum,4,1,1,0.001307679818101538
20,QSVM,quantum,5,0,0,0.5903174271693695
31,QSVM,quantum,5,0,0,0.8804282978476414
33,QSVM,quantum,5,0,0,0.5785178750202209
38,QSVM,quantum,5,0,0,0.859525180363904
46,QSVM,quantum,5,0,0,0.8434241464106345
56,QSVM,quantum,5,0,0,0.7217323325657086
65,QSVM,quantum,5,0,0,0.5881536875992384
81,QSVM,quantum,5,0,0,0.5679593558712905
82,QSVM,quantum,5,0,1,0.4991684313035556
93,QSVM,quantum,5,1,1,0.18836852356385303
96,QSVM,quantum,5,1,1,0.09884439692263274
100,QSVM,quantum,5,1,0,0.6086838048942246
108,QSVM,quantum,5,1,1,0.014466856043867304
115,QSVM,quantum,5,1,1,0.11409887964825347
116,QSVM,quantum,5,1,1,0.005492394469453444
125,QSVM,quantum,5,1,1,0.0494060822997556
143,QSVM,quantum,5,1,0,0.8009468355956765
166,QSVM,quantum,5,0,1,0.1346094476988861
182,QSVM,quantum,5,0,0,0.9492638449837033
183,QSVM,quantum,5,0,1,0.19030120792530092
188,QSVM,quantum,5,0,1,0.05059764613833011
192,QSVM,quantum,5,0,1,0.20612062828843772
204,QSVM,quantum,5,0,1,0.24239202188905148
231,QSVM,quantum,5,0,1,0.4645202839880942
235,QSVM,quantum,5,0,1,0.49061074502346796
251,QSVM,quantum,5,1,1,0.45856908957177317
254,QSVM,quantum,5,1,1,0.33763806322144657
262,QSVM,quantum,5,1,1,0.4110761286946109
265,QSVM,quantum,5,1,1,0.16243713071524837
272,QSVM,quantum,5,1,1,0.2140677074424697
279,QSVM,quantum,5,1,0,0.7680667828721311
281,QSVM,quantum,5,1,1,0.490267599683764
322,QSVM,quantum,5,1,0,0.7162882722502342
4,QSVM,quantum,6,0,1,0.006128330276381425
11,QSVM,quantum,6,0,1,0.0008258782815166477
26,QSVM,quantum,6,0,1,0.0023637712791404358
35,QSVM,quantum,6,0,1,0.0014545566334874692
43,QSVM,quantum,6,0,1,0.005531889263825751
50,QSVM,quantum,6,0,1,0.0008167555403545059
53,QSVM,quantum,6,0,1,0.0011878041472687204
67,QSVM,quantum,6,0,1,0.012295528443006328
84,QSVM,quantum,6,0,1,0.00011075597955414782
106,QSVM,quantum,6,1,1,0.0010078275443300303
114,QSVM,quantum,6,1,1,0.0037388890328335584
122,QSVM,quantum,6,1,1,0.00060295916465363
144,QSVM,quantum,6,1,1,0.0015701908119099192
147,QSVM,quantum,6,1,1,0.0014837147709033081
151,QSVM,quantum,6,1,1,0.0013853100282169553
173,QSVM,quantum,6,0,1,0.002656844018629617
191,QSVM,quantum,6,0,1,0.0008323823911398237
195,QSVM,quantum,6,0,1,0.0016813602715587813
215,QSVM,quantum,6,0,1,0.019888614667096065
228,QSVM,quantum,6,0,1,0.006156779422665628
230,QSVM,quantum,6,0,1,0.0010409501867735679
238,QSVM,quantum,6,0,1,0.0014180541046440811
246,QSVM,quantum,6,1,1,0.0005943576595118369
252,QSVM,quantum,6,1,1,0.0001993398411633689
261,QSVM,quantum,6,1,1,0.0007434256425670682
269,QSVM,quantum,6,1,1,0.01561709266473887
283,QSVM,quantum,6,1,1,0.000605847279791974
289,QSVM,quantum,6,1,1,0.001535857991358033
292,QSVM,quantum,6,1,1,0.0008261080955641842
296,QSVM,quantum,6,1,1,0.0020800265792915635
307,QSVM,quantum,6,1,1,0.0010085695613028872
320,QSVM,quantum,6,1,1,0.00041116022618158874
324,QSVM,quantum,6,1,1,0.004051274631521142
1,QSVM,quantum,7,0,0,0.6531512282979168
8,QSVM,quantum,7,0,0,0.9437428864099041
17,QSVM,quantum,7,0,0,0.6997737183642557
64,QSVM,quantum,7,0,0,0.5542477651817969
68,QSVM,quantum,7,0,0,0.6921770173360149
77,QSVM,quantum,7,0,1,0.12283983688183317
85,QSVM,quantum,7,0,1,0.20163083956097747
112,QSVM,quantum,7,1,0,0.7874224167121119
113,QSVM,quantum,7,1,0,0.5461175441906787
117,QSVM,quantum,7,1,0,0.6138484371792301
124,QSVM,quantum,7,1,0,0.9815796288699334
137,QSVM,quantum,7,1,1,0.34525114875984003
138,QSVM,quantum,7,1,1,0.26655795962198786
141,QSVM,quantum,7,1,0,0.785232165917337
142,QSVM,quantum,7,1,1,0.3734582772353604
146,QSVM,quantum,7,1,1,0.3408247528333834
168,QSVM,quantum,7,0,0,0.9981529157414705
174,QSVM,quantum,7,0,1,0.23322107986925852
190,QSVM,quantum,7,0,0,0.7611629779012029
198,QSVM,quantum,7,0,0,0.5493865447041537
210,QSVM,quantum,7,0,0,0.8103581122068714
227,QSVM,quantum,7,0,0,0.5471358481139661
229,QSVM,quantum,7,0,0,0.6745385503230736
236,QSVM,quantum,7,0,1,0.15995980986953529
239,QSVM,quantum,7,0,0,0.8017385291703969
244,QSVM,quantum,7,1,1,0.14207680690433797
258,QSVM,quantum,7,1,1,0.38810307791795345
263,QSVM,quantum,7,1,1,0.012192163987253122
271,QSVM,quantum,7,1,1,0.3832354626387895
298,QSVM,quantum,7,1,1,0.2870196912687642
306,QSVM,quantum,7,1,0,0.5487748911684329
313,QSVM,quantum,7,1,1,0.11811360338552625
326,QSVM,quantum,7,1,0,0.6950332558931841
2,QSVM,quantum,8,0,1,1.873854737723719e-05
16,QSVM,quantum,8,0,1,9.829611920690348e-06
42,QSVM,quantum,8,0,1,5.918583728838004e-06
48,QSVM,quantum,8,0,1,2.3869517769011996e-05
70,QSVM,quantum,8,0,1,4.447533575588062e-06
71,QSVM,quantum,8,0,1,2.1250206061992195e-05
80,QSVM,quantum,8,0,1,3.009504759590303e-05
89,QSVM,quantum,8,0,1,8.171913090227132e-05
110,QSVM,quantum,8,1,1,0.00012343491496572822
131,QSVM,quantum,8,1,1,4.6692395335610114e-05
148,QSVM,quantum,8,1,1,6.086380333711391e-06
149,QSVM,quantum,8,1,1,2.8894403534039208e-06
160,QSVM,quantum,8,1,1,2.911133580615684e-06
169,QSVM,quantum,8,0,1,4.443327829544081e-06
170,QSVM,quantum,8,0,1,0.00028506746539491544
177,QSVM,quantum,8,0,1,0.00036209879998833495
178,QSVM,quantum,8,0,1,6.281273857134646e-05
189,QSVM,quantum,8,0,1,7.34535206579377e-05
219,QSVM,quantum,8,0,1,4.310969836935958e-05
225,QSVM,quantum,8,0,1,3.121198835201876e-05
232,QSVM,quantum,8,0,1,3.097435456252092e-05
245,QSVM,quantum,8,1,1,1.006595336865245e-05
255,QSVM,quantum,8,1,1,1.2100556963932127e-06
256,QSVM,quantum,8,1,1,2.291914397605308e-06
266,QSVM,quantum,8,1,1,7.900011333119688e-07
270,QSVM,quantum,8,1,1,4.899079420027761e-05
300,QSVM,quantum,8,1,1,4.41650561033015e-06
301,QSVM,quantum,8,1,1,4.660695988090697e-06
308,QSVM,quantum,8,1,1,1.237605949798785e-05
315,QSVM,quantum,8,1,1,5.040503952097866e-05
318,QSVM,quantum,8,1,1,2.3976302007908508e-05
319,QSVM,quantum,8,1,1,3.465864981448265e-05
321,QSVM,quantum,8,1,1,3.457001885516193e-05
0,QSVM,quantum,9,0,1,0.09707718626660125
9,QSVM,quantum,9,0,1,0.030606358930882323
28,QSVM,quantum,9,0,1,0.20755770443200622
30,QSVM,quantum,9,0,1,0.2004254802829928
41,QSVM,quantum,9,0,1,0.18241360981658417
44,QSVM,quantum,9,0,1,0.2609262453837076
57,QSVM,quantum,9,0,1,0.20448280504567282
61,QSVM,quantum,9,0,1,0.2066371290292621
63,QSVM,quantum,9,0,1,0.4852504193301606
74,QSVM,quantum,9,0,1,0.05563242868988753
87,QSVM,quantum,9,0,1,0.26689187620134297
104,QSVM,quantum,9,1,1,0.02897396111744833
109,QSVM,quantum,9,1,1,0.018755954906745774
119,QSVM,quantum,9,1,1,0.02080664591801354
157,QSVM,quantum,9,1,1,0.17046112741106537
159,QSVM,quantum,9,1,1,0.28843833333383734
193,QSVM,quantum,9,0,1,0.08919655665932172
194,QSVM,quantum,9,0,1,0.3533853243529671
201,QSVM,quantum,9,0,1,0.30494190471791877
205,QSVM,quantum,9,0,1,0.49914160645532324
206,QSVM,quantum,9,0,1,0.0995981598025842
247,QSVM,quantum,9,1,1,0.38183320312336055
250,QSVM,quantum,9,1,1,0.0046541069533759805
264,QSVM,quantum,9,1,1,0.23412843634731992
280,QSVM,quantum,9,1,1,0.22299516796845478
286,QSVM,quantum,9,1,1,0.15035130035841604
290,QSVM,quantum,9,1,1,0.0378645007182448
295,QSVM,quantum,9,1,1,0.03484979411017823
297,QSVM,quantum,9,1,1,0.30283654528472687
299,QSVM,quantum,9,1,1,0.2800002012971469
305,QSVM,quantum,9,1,1,0.10570579511219957
312,QSVM,quantum,9,1,0,0.5700889700742071
329,QSVM,quantum,9,1,1,0.135565577851843
6,QSVM,quantum,10,0,0,0.9993473500834075
18,QSVM,quantum,10,0,1,0.4851502404084614
25,QSVM,quantum,10,0,0,0.8892393759355122
29,QSVM,quantum,10,0,1,0.17147519177234347
39,QSVM,quantum,10,0,1,0.21083700428316904
86,QSVM,quantum,10,0,1,0.49507772302734654
101,QSVM,quantum,10,1,0,0.9823331401321543
102,QSVM,quantum,10,1,0,0.5841531295486201
103,QSVM,quantum,10,1,1,0.01706830043252698
111,QSVM,quantum,10,1,0,0.8857305743818428
127,QSVM,quantum,10,1,1,0.11100975919592995
136,QSVM,quantum,10,1,1,0.20069334735217023
145,QSVM,quantum,10,1,0,0.5598097546714988
150,QSVM,quantum,10,1,1,0.3834091588178912
155,QSVM,quantum,10,1,1,0.1272061768470459
162,QSVM,quantum,10,1,1,0.09753694722684746
172,QSVM,quantum,10,0,0,0.9998683423371506
179,QSVM,quantum,10,0,1,0.18424228744081905
197,QSVM,quantum,10,0,0,0.9532703692208483
207,QSVM,quantum,10,0,0,0.9825145197624827
212,QSVM,quantum,10,0,1,0.32206223858933225
218,QSVM,quantum,10,0,0,0.8120230304563943
221,QSVM,quantum,10,0,0,0.5451692530372055
224,QSVM,quantum,10,0,1,0.40521398019813926
226,QSVM,quantum,10,0,1,0.15000507270030394
233,QSVM,quantum,10,0,1,0.19193866528705641
253,QSVM,quantum,10,1,0,0.840723429114565
260,QSVM,quantum,10,1,1,0.04566143862609332
277,QSVM,quantum,10,1,1,0.47168099930579016
284,QSVM,quantum,10,1,1,0.15170715169476764
291,QSVM,quantum,10,1,1,0.2214222714425295
316,QSVM,quantum,10,1,1,0.1146186658770293
327,QSVM,quantum,10,1,1,0.18123271585857054
12,VQC,quantum,1,0,0,0.345703125
19,VQC,quantum,1,0,0,0.375
22,VQC,quantum,1,0,0,0.4375
23,VQC,quantum,1,0,1,0.7412109375
34,VQC,quantum,1,0,0,0.47265625
51,VQC,quantum,1,0,0,0.220703125
54,VQC,quantum,1,0,0,0.2568359375
60,VQC,quantum,1,0,0,0.2646484375
66,VQC,quantum,1,0,0,0.3125
69,VQC,quantum,1,0,0,0.2041015625
90,VQC,quantum,1,1,1,0.8720703125
91,VQC,quantum,1,1,1,0.626953125
98,VQC,quantum,1,1,1,0.7177734375
105,VQC,quantum,1,1,0,0.2783203125
107,VQC,quantum,1,1,0,0.353515625
121,VQC,quantum,1,1,1,0.595703125
123,VQC,quantum,1,1,1,0.513671875
139,VQC,quantum,1,1,1,0.5654296875
154,VQC,quantum,1,1,0,0.4140625
163,VQC,quantum,1,1,0,0.47265625
176,VQC,quantum,1,0,0,0.4951171875
186,VQC,quantum,1,0,0,0.3623046875
196,VQC,quantum,1,0,1,0.55859375
199,VQC,quantum,1,0,0,0.28515625
202,VQC,quantum,1,0,0,0.3759765625
222,VQC,quantum,1,0,0,0.4033203125
237,VQC,quantum,1,0,1,0.5634765625
267,VQC,quantum,1,1,0,0.4228515625
268,VQC,quantum,1,1,1,0.6611328125
288,VQC,quantum,1,1,0,0.5185546875
294,VQC,quantum,1,1,0,0.2900390625
303,VQC,quantum,1,1,0,0.4833984375
314,VQC,quantum,1,1,0,0.484375
5,VQC,quantum,2,0,0,0.4072265625
10,VQC,quantum,2,0,0,0.41796875
14,VQC,quantum,2,0,1,0.57421875
15,VQC,quantum,2,0,0,0.3974609375
21,VQC,quantum,2,0,0,0.2705078125
24,VQC,quantum,2,0,0,0.4072265625
40,VQC,quantum,2,0,0,0.48046875
47,VQC,quantum,2,0,1,0.505859375
55,VQC,quantum,2,0,0,0.4755859375
62,VQC,quantum,2,0,0,0.4150390625
75,VQC,quantum,2,0,0,0.4677734375
78,VQC,quantum,2,0,1,0.607421875
79,VQC,quantum,2,0,0,0.4345703125
92,VQC,quantum,2,1,0,0.4111328125
94,VQC,quantum,2,1,0,0.2724609375
120,VQC,quantum,2,1,1,0.5732421875
129,VQC,quantum,2,1,0,0.4970703125
130,VQC,quantum,2,1,0,0.50390625
133,VQC,quantum,2,1,0,0.1708984375
167,VQC,quantum,2,0,0,0.3447265625
203,VQC,quantum,2,0,1,0.4990234375
216,VQC,quantum,2,0,0,0.4072265625
234,VQC,quantum,2,0,0,0.46875
240,VQC,quantum,2,1,1,0.5986328125
241,VQC,quantum,2,1,1,0.6494140625
259,VQC,quantum,2,1,0,0.4111328125
273,VQC,quantum,2,1,1,0.5595703125
275,VQC,quantum,2,1,0,0.427734375
282,VQC,quantum,2,1,1,0.5625
287,VQC,quantum,2,1,1,0.6708984375
317,VQC,quantum,2,1,1,0.5341796875
323,VQC,quantum,2,1,1,0.5283203125
328,VQC,quantum,2,1,1,0.4990234375
36,VQC,quantum,3,0,1,0.6416015625
37,VQC,quantum,3,0,0,0.3681640625
45,VQC,quantum,3,0,0,0.443359375
58,VQC,quantum,3,0,1,0.525390625
59,VQC,quantum,3,0,1,0.708984375
73,VQC,quantum,3,0,0,0.37890625
76,VQC,quantum,3,0,0,0.4775390625
83,VQC,quantum,3,0,0,0.240234375
88,VQC,quantum,3,0,1,0.564453125
95,VQC,quantum,3,1,0,0.3134765625
118,VQC,quantum,3,1,0,0.2607421875
126,VQC,quantum,3,1,1,0.580078125
128,VQC,quantum,3,1,0,0.353515625
132,VQC,quantum,3,1,0,0.419921875
152,VQC,quantum,3,1,0,0.26171875
153,VQC,quantum,3,1,0,0.412109375
156,VQC,quantum,3,1,1,0.494140625
158,VQC,quantum,3,1,0,0.3662109375
164,VQC,quantum,3,1,1,0.626953125
180,VQC,quantum,3,0,0,0.2802734375
181,VQC,quantum,3,0,0,0.3994140625
184,VQC,quantum,3,0,1,0.568359375
185,VQC,quantum,3,0,0,0.34765625
187,VQC,quantum,3,0,0,0.2724609375
211,VQC,quantum,3,0,1,0.5986328125
214,VQC,quantum,3,0,0,0.40625
220,VQC,quantum,3,0,0,0.4609375
248,VQC,quantum,3,1,1,0.65234375
249,VQC,quantum,3,1,0,0.4375
257,VQC,quantum,3,1,0,0.451171875
274,VQC,quantum,3,1,1,0.6728515625
302,VQC,quantum,3,1,0,0.455078125
325,VQC,quantum,3,1,0,0.4658203125
3,VQC,quantum,4,0,0,0.4248046875
7,VQC,quantum,4,0,1,0.525390625
13,VQC,quantum,4,0,0,0.486328125
27,VQC,quantum,4,0,0,0.4912109375
32,VQC,quantum,4,0,0,0.46875
49,VQC,quantum,4,0,0,0.4150390625
52,VQC,quantum,4,0,0,0.5009765625
72,VQC,quantum,4,0,0,0.3857421875
97,VQC,quantum,4,1,0,0.3115234375
99,VQC,quantum,4,1,1,0.6171875
134,VQC,quantum,4,1,0,0.3857421875
135,VQC,quantum,4,1,0,0.416015625
140,VQC,quantum,4,1,0,0.3876953125
161,VQC,quantum,4,1,1,0.583984375
165,VQC,quantum,4,0,0,0.3671875
171,VQC,quantum,4,0,0,0.466796875
175,VQC,quantum,4,0,0,0.447265625
200,VQC,quantum,4,0,1,0.5087890625
208,VQC,quantum,4,0,1,0.5712890625
209,VQC,quantum,4,0,0,0.4619140625
213,VQC,quantum,4,0,1,0.5
217,VQC,quantum,4,0,0,0.4013671875
223,VQC,quantum,4,0,1,0.537109375
242,VQC,quantum,4,1,0,0.2041015625
243,VQC,quantum,4,1,0,0.4169921875
276,VQC,quantum,4,1,0,0.392578125
278,VQC,quantum,4,1,0,0.4287109375
285,VQC,quantum,4,1,0,0.4052734375
293,VQC,quantum,4,1,0,0.5185546875
304,VQC,quantum,4,1,1,0.6552734375
309,VQC,quantum,4,1,1,0.5439453125
310,VQC,quantum,4,1,1,0.7333984375
311,VQC,quantum,4,1,1,0.5908203125
20,VQC,quantum,5,0,0,0.4384765625
31,VQC,quantum,5,0,1,0.4970703125
33,VQC,quantum,5,0,0,0.431640625
38,VQC,quantum,5,0,1,0.5322265625
46,VQC,quantum,5,0,0,0.365234375
56,VQC,quantum,5,0,0,0.49609375
65,VQC,quantum,5,0,0,0.517578125
81,VQC,quantum,5,0,0,0.3662109375
82,VQC,quantum,5,0,1,0.646484375
93,VQC,quantum,5,1,1,0.5654296875
96,VQC,quantum,5,1,0,0.48046875
100,VQC,quantum,5,1,1,0.49609375
108,VQC,quantum,5,1,0,0.5
115,VQC,quantum,5,1,1,0.583984375
116,VQC,quantum,5,1,1,0.69140625
125,VQC,quantum,5,1,1,0.703125
143,VQC,quantum,5,1,0,0.2763671875
166,VQC,quantum,5,0,1,0.7783203125
182,VQC,quantum,5,0,1,0.53125
183,VQC,quantum,5,0,1,0.513671875
188,VQC,quantum,5,0,1,0.5771484375
192,VQC,quantum,5,0,1,0.5341796875
204,VQC,quantum,5,0,1,0.51171875
231,VQC,quantum,5,0,0,0.47265625
235,VQC,quantum,5,0,1,0.5205078125
251,VQC,quantum,5,1,1,0.734375
254,VQC,quantum,5,1,0,0.4833984375
262,VQC,quantum,5,1,1,0.505859375
265,VQC,quantum,5,1,0,0.5146484375
272,VQC,quantum,5,1,0,0.5185546875
279,VQC,quantum,5,1,1,0.5302734375
281,VQC,quantum,5,1,1,0.5830078125
322,VQC,quantum,5,1,0,0.255859375
4,VQC,quantum,6,0,1,0.5546875
11,VQC,quantum,6,0,0,0.3955078125
26,VQC,quantum,6,0,1,0.5078125
35,VQC,quantum,6,0,1,0.529296875
43,VQC,quantum,6,0,1,0.4697265625
50,VQC,quantum,6,0,1,0.51953125
53,VQC,quantum,6,0,0,0.4453125
67,VQC,quantum,6,0,0,0.5048828125
84,VQC,quantum,6,0,1,0.5771484375
106,VQC,quantum,6,1,1,0.5048828125
114,VQC,quantum,6,1,0,0.48828125
122,VQC,quantum,6,1,1,0.53125
144,VQC,quantum,6,1,0,0.4716796875
147,VQC,quantum,6,1,1,0.5693359375
151,VQC,quantum,6,1,0,0.4990234375
173,VQC,quantum,6,0,0,0.4248046875
191,VQC,quantum,6,0,0,0.37109375
195,VQC,quantum,6,0,0,0.451171875
215,VQC,quantum,6,0,0,0.5009765625
228,VQC,quantum,6,0,1,0.5302734375
230,VQC,quantum,6,0,0,0.1748046875
238,VQC,quantum,6,0,1,0.65234375
246,VQC,quantum,6,1,1,0.5224609375
252,VQC,quantum,6,1,0,0.412109375
261,VQC,quantum,6,1,1,0.5908203125
269,VQC,quantum,6,1,0,0.5263671875
283,VQC,quantum,6,1,1,0.5361328125
289,VQC,quantum,6,1,1,0.5283203125
292,VQC,quantum,6,1,0,0.4130859375
296,VQC,quantum,6,1,0,0.5029296875
307,VQC,quantum,6,1,0,0.2578125
320,VQC,quantum,6,1,1,0.564453125
324,VQC,quantum,6,1,0,0.21484375
1,VQC,quantum,7,0,1,0.54296875
8,VQC,quantum,7,0,0,0.392578125
17,VQC,quantum,7,0,0,0.412109375
64,VQC,quantum,7,0,1,0.5361328125
68,VQC,quantum,7,0,1,0.541015625
77,VQC,quantum,7,0,0,0.404296875
85,VQC,quantum,7,0,0,0.451171875
112,VQC,quantum,7,1,1,0.529296875
113,VQC,quantum,7,1,1,0.560546875
117,VQC,quantum,7,1,1,0.5048828125
124,VQC,quantum,7,1,0,0.4365234375
137,VQC,quantum,7,1,0,0.4296875
138,VQC,quantum,7,1,0,0.4345703125
141,VQC,quantum,7,1,0,0.443359375
142,VQC,quantum,7,1,0,0.5166015625
146,VQC,quantum,7,1,1,0.505859375
168,VQC,quantum,7,0,0,0.5263671875
174,VQC,quantum,7,0,0,0.4921875
190,VQC,quantum,7,0,0,0.458984375
198,VQC,quantum,7,0,0,0.5029296875
210,VQC,quantum,7,0,0,0.4365234375
227,VQC,quantum,7,0,0,0.4609375
229,VQC,quantum,7,0,1,0.5126953125
236,VQC,quantum,7,0,1,0.4677734375
239,VQC,quantum,7,0,1,0.4931640625
244,VQC,quantum,7,1,1,0.5859375
258,VQC,quantum,7,1,0,0.4775390625
263,VQC,quantum,7,1,0,0.5205078125
271,VQC,quantum,7,1,1,0.50390625
298,VQC,quantum,7,1,1,0.59375
306,VQC,quantum,7,1,0,0.498046875
313,VQC,quantum,7,1,0,0.4912109375
326,VQC,quantum,7,1,0,0.47265625
2,VQC,quantum,8,0,0,0.412109375
16,VQC,quantum,8,0,1,0.5673828125
42,VQC,quantum,8,0,0,0.365234375
48,VQC,quantum,8,0,1,0.57421875
70,VQC,quantum,8,0,1,0.5712890625
71,VQC,quantum,8,0,0,0.4892578125
80,VQC,quantum,8,0,1,0.4892578125
89,VQC,quantum,8,0,1,0.521484375
110,VQC,quantum,8,1,1,0.5224609375
131,VQC,quantum,8,1,1,0.51953125
148,VQC,quantum,8,1,0,0.4462890625
149,VQC,quantum,8,1,1,0.6435546875
160,VQC,quantum,8,1,0,0.494140625
169,VQC,quantum,8,0,0,0.5087890625
170,VQC,quantum,8,0,0,0.494140625
177,VQC,quantum,8,0,1,0.509765625
178,VQC,quantum,8,0,0,0.3173828125
189,VQC,quantum,8,0,1,0.630859375
219,VQC,quantum,8,0,0,0.44140625
225,VQC,quantum,8,0,0,0.3984375
232,VQC,quantum,8,0,1,0.5810546875
245,VQC,quantum,8,1,1,0.61328125
255,VQC,quantum,8,1,1,0.7021484375
256,VQC,quantum,8,1,0,0.3701171875
266,VQC,quantum,8,1,1,0.599609375
270,VQC,quantum,8,1,0,0.32421875
300,VQC,quantum,8,1,0,0.470703125
301,VQC,quantum,8,1,1,0.53515625
308,VQC,quantum,8,1,1,0.62890625
315,VQC,quantum,8,1,0,0.3349609375
318,VQC,quantum,8,1,1,0.509765625
319,VQC,quantum,8,1,0,0.43359375
321,VQC,quantum,8,1,1,0.5205078125
0,VQC,quantum,9,0,1,0.814453125
9,VQC,quantum,9,0,0,0.4814453125
28,VQC,quantum,9,0,0,0.4970703125
30,VQC,quantum,9,0,1,0.5078125
41,VQC,quantum,9,0,0,0.3759765625
44,VQC,quantum,9,0,0,0.3095703125
57,VQC,quantum,9,0,0,0.4697265625
61,VQC,quantum,9,0,0,0.4873046875
63,VQC,quantum,9,0,0,0.470703125
74,VQC,quantum,9,0,0,0.4296875
87,VQC,quantum,9,0,1,0.55859375
104,VQC,quantum,9,1,0,0.4873046875
109,VQC,quantum,9,1,0,0.44140625
119,VQC,quantum,9,1,1,0.494140625
157,VQC,quantum,9,1,1,0.4990234375
159,VQC,quantum,9,1,1,0.5400390625
193,VQC,quantum,9,0,0,0.458984375
194,VQC,quantum,9,0,1,0.5859375
201,VQC,quantum,9,0,1,0.5517578125
205,VQC,quantum,9,0,0,0.5185546875
206,VQC,quantum,9,0,1,0.5400390625
247,VQC,quantum,9,1,0,0.462890625
250,VQC,quantum,9,1,1,0.966796875
264,VQC,quantum,9,1,1,0.517578125
280,VQC,quantum,9,1,1,0.6103515625
286,VQC,quantum,9,1,1,0.5380859375
290,VQC,quantum,9,1,1,0.54296875
295,VQC,quantum,9,1,1,0.5634765625
297,VQC,quantum,9,1,0,0.1923828125
299,VQC,quantum,9,1,0,0.4892578125
305,VQC,quantum,9,1,0,0.34765625
312,VQC,quantum,9,1,0,0.384765625
329,VQC,quantum,9,1,1,0.4853515625
6,VQC,quantum,10,0,1,0.5078125
18,VQC,quantum,10,0,0,0.517578125
25,VQC,quantum,10,0,0,0.4599609375
29,VQC,quantum,10,0,0,0.478515625
39,VQC,quantum,10,0,0,0.3779296875
86,VQC,quantum,10,0,1,0.517578125
101,VQC,quantum,10,1,1,0.5224609375
102,VQC,quantum,10,1,0,0.4453125
103,VQC,quantum,10,1,1,0.52734375
111,VQC,quantum,10,1,0,0.4677734375
127,VQC,quantum,10,1,0,0.4833984375
136,VQC,quantum,10,1,1,0.537109375
145,VQC,quantum,10,1,1,0.673828125
150,VQC,quantum,10,1,0,0.2998046875
155,VQC,quantum,10,1,1,0.65625
162,VQC,quantum,10,1,1,0.552734375
172,VQC,quantum,10,0,0,0.4560546875
179,VQC,quantum,10,0,1,0.4931640625
197,VQC,quantum,10,0,0,0.4267578125
207,VQC,quantum,10,0,1,0.4912109375
212,VQC,quantum,10,0,1,0.6572265625
218,VQC,quantum,10,0,1,0.5263671875
221,VQC,quantum,10,0,1,0.4912109375
224,VQC,quantum,10,0,0,0.494140625
226,VQC,quantum,10,0,1,0.521484375
233,VQC,quantum,10,0,0,0.341796875
253,VQC,quantum,10,1,0,0.5029296875
260,VQC,quantum,10,1,0,0.462890625
277,VQC,quantum,10,1,1,0.4970703125
284,VQC,quantum,10,1,0,0.494140625
291,VQC,quantum,10,1,1,0.537109375
316,VQC,quantum,10,1,1,0.509765625
327,VQC,quantum,10,1,0,0.423828125
