row_index,model_name,model_family,feature_mode,fold,y_true,y_pred,y_score
26,PSO-SVM,swarm,pso_top10,1,1,0,0.2225834985294361
32,PSO-SVM,swarm,pso_top10,1,1,1,0.836497582658532
34,PSO-SVM,swarm,pso_top10,1,0,1,0.6082893371382593
50,PSO-SVM,swarm,pso_top10,1,1,1,0.8355034097378417
51,PSO-SVM,swarm,pso_top10,1,1,1,0.8727382887123494
57,PSO-SVM,swarm,pso_top10,1,1,1,0.7929277352025969
60,PSO-SVM,swarm,pso_top10,1,1,1,0.7923476718957922
97,PSO-SVM,swarm,pso_top10,1,1,1,0.724115350762885
137,PSO-SVM,swarm,pso_top10,1,0,0,0.27933295305622563
139,PSO-SVM,swarm,pso_top10,1,1,1,0.7810463349746676
147,PSO-SVM,swarm,pso_top10,1,0,0,0.10552428060559961
148,PSO-SVM,swarm,pso_top10,1,0,0,0.1587671712957896
154,PSO-SVM,swarm,pso_top10,1,1,1,0.754989672052453
158,PSO-SVM,swarm,pso_top10,1,1,1,0.8647110704766667
160,PSO-SVM,swarm,pso_top10,1,1,1,0.7408700841070196
162,PSO-SVM,swarm,pso_top10,1,1,1,0.8374758907215398
171,PSO-SVM,swarm,pso_top10,1,1,1,0.8061141824046844
179,PSO-SVM,swarm,pso_top10,1,1,1,0.8007086192981956
181,PSO-SVM,swarm,pso_top10,1,1,1,0.875523229522859
228,PSO-SVM,swarm,pso_top10,1,1,1,0.8234926014129523
231,PSO-SVM,swarm,pso_top10,1,1,1,0.8239320076845172
242,PSO-SVM,swarm,pso_top10,1,1,1,0.8018159283821197
246,PSO-SVM,swarm,pso_top10,1,1,1,0.7301890182390276
261,PSO-SVM,swarm,pso_top10,1,1,1,0.6119887419752178
272,PSO-SVM,swarm,pso_top10,1,1,1,0.8038362239649978
273,PSO-SVM,swarm,pso_top10,1,1,1,0.77672327553567
287,PSO-SVM,swarm,pso_top10,1,1,1,0.807051290347663
294,PSO-SVM,swarm,pso_top10,1,1,1,0.7456095410007293
296,PSO-SVM,swarm,pso_top10,1,1,1,0.7283052535739047
301,PSO-SVM,swarm,pso_top10,1,1,1,0.8259570903856674
302,PSO-SVM,swarm,pso_top10,1,1,1,0.813153540421661
305,PSO-SVM,swarm,pso_top10,1,1,1,0.8117697268638493
318,PSO-SVM,swarm,pso_top10,1,1,1,0.760113257602349
322,PSO-SVM,swarm,pso_top10,1,1,1,0.7244722704191451
323,PSO-SVM,swarm,pso_top10,1,1,1,0.7281373227740136
325,PSO-SVM,swarm,pso_top10,1,1,1,0.8441222764365911
327,PSO-SVM,swarm,pso_top10,1,1,1,0.8460338323370948
333,PSO-SVM,swarm,pso_top10,1,0,1,0.7377736614721526
368,PSO-SVM,swarm,pso_top10,1,1,1,0.7568895104424792
369,PSO-SVM,swarm,pso_top10,1,0,1,0.5782443156813598
375,PSO-SVM,swarm,pso_top10,1,0,0,0.08136390157466053
388,PSO-SVM,swarm,pso_top10,1,1,1,0.742050519507599
392,PSO-SVM,swarm,pso_top10,1,0,1,0.5878609355465151
393,PSO-SVM,swarm,pso_top10,1,0,0,0.15297446445979443
396,PSO-SVM,swarm,pso_top10,1,0,0,0.13309080657347266
469,PSO-SVM,swarm,pso_top10,1,0,0,0.4022167631944129
501,PSO-SVM,swarm,pso_top10,1,1,1,0.748618518719547
510,PSO-SVM,swarm,pso_top10,1,1,1,0.5296704978807479
511,PSO-SVM,swarm,pso_top10,1,1,1,0.795195892485789
512,PSO-SVM,swarm,pso_top10,1,1,1,0.5821274487612595
520,PSO-SVM,swarm,pso_top10,1,0,0,0.19512415103663397
521,PSO-SVM,swarm,pso_top10,1,0,0,0.14446478190638537
523,PSO-SVM,swarm,pso_top10,1,1,1,0.8783545749361502
530,PSO-SVM,swarm,pso_top10,1,1,0,0.4977982427120176
546,PSO-SVM,swarm,pso_top10,1,1,1,0.7350607454990696
560,PSO-SVM,swarm,pso_top10,1,1,1,0.7490614122837823
564,PSO-SVM,swarm,pso_top10,1,1,1,0.7563528747358483
567,PSO-SVM,swarm,pso_top10,1,0,0,0.07807119835518801
573,PSO-SVM,swarm,pso_top10,1,1,1,0.7355223292057215
603,PSO-SVM,swarm,pso_top10,1,1,1,0.7508221822591865
608,PSO-SVM,swarm,pso_top10,1,1,1,0.7705277958668519
613,PSO-SVM,swarm,pso_top10,1,1,1,0.7365704606381648
620,PSO-SVM,swarm,pso_top10,1,1,1,0.8059649281541977
630,PSO-SVM,swarm,pso_top10,1,0,1,0.6938956397578155
641,PSO-SVM,swarm,pso_top10,1,0,1,0.7553077112519362
646,PSO-SVM,swarm,pso_top10,1,1,1,0.9513486409839651
660,PSO-SVM,swarm,pso_top10,1,1,1,0.748775679933726
662,PSO-SVM,swarm,pso_top10,1,1,1,0.7828174943862359
671,PSO-SVM,swarm,pso_top10,1,1,1,0.8025580728488959
675,PSO-SVM,swarm,pso_top10,1,1,1,0.7109774046191605
684,PSO-SVM,swarm,pso_top10,1,1,1,0.8229689030843251
709,PSO-SVM,swarm,pso_top10,1,1,1,0.644558906731225
733,PSO-SVM,swarm,pso_top10,1,0,0,0.07450507749870151
739,PSO-SVM,swarm,pso_top10,1,0,0,0.287507527543885
744,PSO-SVM,swarm,pso_top10,1,1,1,0.9263655803558761
755,PSO-SVM,swarm,pso_top10,1,0,1,0.5493119833580331
10,PSO-SVM,swarm,pso_top10,2,1,1,0.8221434090292024
27,PSO-SVM,swarm,pso_top10,2,1,1,0.8068022145092196
31,PSO-SVM,swarm,pso_top10,2,1,1,0.8074776709346021
36,PSO-SVM,swarm,pso_top10,2,1,1,0.7477093666121566
39,PSO-SVM,swarm,pso_top10,2,1,1,0.6816888986320712
40,PSO-SVM,swarm,pso_top10,2,1,1,0.8780296953421924
44,PSO-SVM,swarm,pso_top10,2,0,1,0.7926531305090566
48,PSO-SVM,swarm,pso_top10,2,1,1,0.8469000314567046
55,PSO-SVM,swarm,pso_top10,2,1,1,0.8336821377498794
59,PSO-SVM,swarm,pso_top10,2,1,1,0.7347090519227807
66,PSO-SVM,swarm,pso_top10,2,1,1,0.6596412851732724
80,PSO-SVM,swarm,pso_top10,2,0,1,0.619641748708979
84,PSO-SVM,swarm,pso_top10,2,1,1,0.6888484370197892
86,PSO-SVM,swarm,pso_top10,2,1,1,0.7313272311487706
93,PSO-SVM,swarm,pso_top10,2,1,1,0.7611928659736997
96,PSO-SVM,swarm,pso_top10,2,1,1,0.7994835857840173
113,PSO-SVM,swarm,pso_top10,2,1,1,0.731070967019329
114,PSO-SVM,swarm,pso_top10,2,1,1,0.7470010100084234
121,PSO-SVM,swarm,pso_top10,2,1,1,0.8397342652016799
127,PSO-SVM,swarm,pso_top10,2,0,1,0.7482592994303681
131,PSO-SVM,swarm,pso_top10,2,1,1,0.7171598258438738
133,PSO-SVM,swarm,pso_top10,2,1,1,0.7331335606006614
135,PSO-SVM,swarm,pso_top10,2,0,0,0.35571444881550224
146,PSO-SVM,swarm,pso_top10,2,0,1,0.7316644360477156
151,PSO-SVM,swarm,pso_top10,2,1,1,0.7714309732532875
167,PSO-SVM,swarm,pso_top10,2,1,1,0.8004457673248769
182,PSO-SVM,swarm,pso_top10,2,1,1,0.7825690191986607
184,PSO-SVM,swarm,pso_top10,2,1,1,0.875869338710439
198,PSO-SVM,swarm,pso_top10,2,1,1,0.7614736492845474
207,PSO-SVM,swarm,pso_top10,2,0,0,0.47529342605245584
262,PSO-SVM,swarm,pso_top10,2,1,1,0.6837420510268265
268,PSO-SVM,swarm,pso_top10,2,0,0,0.4451515733218413
270,PSO-SVM,swarm,pso_top10,2,1,1,0.8289050205837879
275,PSO-SVM,swarm,pso_top10,2,1,1,0.8352834058787656
283,PSO-SVM,swarm,pso_top10,2,1,1,0.7597467108147814
286,PSO-SVM,swarm,pso_top10,2,1,1,0.898879445164406
308,PSO-SVM,swarm,pso_top10,2,1,1,0.8600262504569864
315,PSO-SVM,swarm,pso_top10,2,1,1,0.7577156508416553
335,PSO-SVM,swarm,pso_top10,2,0,1,0.7510837222134098
339,PSO-SVM,swarm,pso_top10,2,1,1,0.7324407369721413
350,PSO-SVM,swarm,pso_top10,2,1,1,0.8469961116375946
352,PSO-SVM,swarm,pso_top10,2,1,1,0.7591254425821925
378,PSO-SVM,swarm,pso_top10,2,1,1,0.6685840722870838
379,PSO-SVM,swarm,pso_top10,2,1,1,0.7285132038807369
391,PSO-SVM,swarm,pso_top10,2,0,1,0.6717646597674852
410,PSO-SVM,swarm,pso_top10,2,0,1,0.6653573814919269
415,PSO-SVM,swarm,pso_top10,2,1,1,0.7920146746664678
419,PSO-SVM,swarm,pso_top10,2,1,1,0.7719604203595872
454,PSO-SVM,swarm,pso_top10,2,1,1,0.7639093547552754
459,PSO-SVM,swarm,pso_top10,2,0,1,0.775493405942007
470,PSO-SVM,swarm,pso_top10,2,0,1,0.7731480932834089
471,PSO-SVM,swarm,pso_top10,2,0,1,0.7502389904634549
496,PSO-SVM,swarm,pso_top10,2,1,1,0.7271438783235806
503,PSO-SVM,swarm,pso_top10,2,1,1,0.7503125210243854
505,PSO-SVM,swarm,pso_top10,2,1,1,0.7734537887768256
522,PSO-SVM,swarm,pso_top10,2,1,1,0.8529963605089781
542,PSO-SVM,swarm,pso_top10,2,0,0,0.3529669559567802
549,PSO-SVM,swarm,pso_top10,2,1,1,0.7674096025006933
555,PSO-SVM,swarm,pso_top10,2,1,1,0.5787723159413617
558,PSO-SVM,swarm,pso_top10,2,1,1,0.8043760419250612
587,PSO-SVM,swarm,pso_top10,2,0,1,0.563797568754523
599,PSO-SVM,swarm,pso_top10,2,1,1,0.7620971847680303
606,PSO-SVM,swarm,pso_top10,2,1,1,0.8749122701014781
611,PSO-SVM,swarm,pso_top10,2,0,1,0.75791393362507
632,PSO-SVM,swarm,pso_top10,2,0,1,0.7420329027854723
656,PSO-SVM,swarm,pso_top10,2,1,1,0.7202969296738986
673,PSO-SVM,swarm,pso_top10,2,1,1,0.7843898809440903
680,PSO-SVM,swarm,pso_top10,2,1,1,0.6205278326961576
700,PSO-SVM,swarm,pso_top10,2,1,0,0.23947054548634358
704,PSO-SVM,swarm,pso_top10,2,0,0,0.1681089273026382
724,PSO-SVM,swarm,pso_top10,2,1,0,0.25746064200173546
729,PSO-SVM,swarm,pso_top10,2,1,1,0.7348610928464533
732,PSO-SVM,swarm,pso_top10,2,0,0,0.08632644608270054
745,PSO-SVM,swarm,pso_top10,2,1,1,0.8281454436762998
746,PSO-SVM,swarm,pso_top10,2,1,1,0.8759619957818188
749,PSO-SVM,swarm,pso_top10,2,1,1,0.6910895899151056
11,PSO-SVM,swarm,pso_top10,3,1,1,0.7504406010406101
15,PSO-SVM,swarm,pso_top10,3,1,1,0.7870554508378312
19,PSO-SVM,swarm,pso_top10,3,1,1,0.7408022030025866
20,PSO-SVM,swarm,pso_top10,3,1,1,0.8034706860266111
25,PSO-SVM,swarm,pso_top10,3,1,0,0.4555703073532772
33,PSO-SVM,swarm,pso_top10,3,0,1,0.6538595040330576
41,PSO-SVM,swarm,pso_top10,3,1,1,0.7239359214533447
56,PSO-SVM,swarm,pso_top10,3,1,1,0.8072683540198304
65,PSO-SVM,swarm,pso_top10,3,1,1,0.8162624647762392
70,PSO-SVM,swarm,pso_top10,3,1,1,0.7518788872045479
117,PSO-SVM,swarm,pso_top10,3,1,1,0.7564492712649658
125,PSO-SVM,swarm,pso_top10,3,0,0,0.19948826113647378
134,PSO-SVM,swarm,pso_top10,3,1,1,0.7302673587104931
144,PSO-SVM,swarm,pso_top10,3,0,1,0.7030132518534524
145,PSO-SVM,swarm,pso_top10,3,0,1,0.5917321120177588
156,PSO-SVM,swarm,pso_top10,3,1,1,0.893027325157923
168,PSO-SVM,swarm,pso_top10,3,1,1,0.9171729477048014
170,PSO-SVM,swarm,pso_top10,3,1,1,0.8522479898195352
200,PSO-SVM,swarm,pso_top10,3,1,1,0.8572830800331926
203,PSO-SVM,swarm,pso_top10,3,1,1,0.5680889766951834
204,PSO-SVM,swarm,pso_top10,3,1,1,0.7390702025426498
208,PSO-SVM,swarm,pso_top10,3,0,0,0.18610522583764086
217,PSO-SVM,swarm,pso_top10,3,1,1,0.8632453887794338
218,PSO-SVM,swarm,pso_top10,3,1,1,0.8852795025703311
220,PSO-SVM,swarm,pso_top10,3,0,1,0.7916838144669546
255,PSO-SVM,swarm,pso_top10,3,1,1,0.7335561248750194
256,PSO-SVM,swarm,pso_top10,3,1,1,0.7267884971733305
267,PSO-SVM,swarm,pso_top10,3,0,0,0.13202084020683133
289,PSO-SVM,swarm,pso_top10,3,0,0,0.4290833669541412
295,PSO-SVM,swarm,pso_top10,3,1,1,0.715622261846764
328,PSO-SVM,swarm,pso_top10,3,1,1,0.7613775354728731
341,PSO-SVM,swarm,pso_top10,3,1,1,0.7613947587499056
345,PSO-SVM,swarm,pso_top10,3,1,1,0.8565844038517539
355,PSO-SVM,swarm,pso_top10,3,1,1,0.8030015620390115
372,PSO-SVM,swarm,pso_top10,3,1,1,0.8580478010949234
377,PSO-SVM,swarm,pso_top10,3,0,1,0.7243212141138111
385,PSO-SVM,swarm,pso_top10,3,1,1,0.9623772897524838
394,PSO-SVM,swarm,pso_top10,3,0,0,0.3489054029235304
402,PSO-SVM,swarm,pso_top10,3,1,1,0.836655499516469
404,PSO-SVM,swarm,pso_top10,3,1,1,0.8096000174621397
413,PSO-SVM,swarm,pso_top10,3,1,1,0.9238744333727357
416,PSO-SVM,swarm,pso_top10,3,1,1,0.7986842880308105
423,PSO-SVM,swarm,pso_top10,3,1,1,0.8029039778445072
434,PSO-SVM,swarm,pso_top10,3,1,1,0.8405136644366465
439,PSO-SVM,swarm,pso_top10,3,1,1,0.8210832171996474
447,PSO-SVM,swarm,pso_top10,3,0,0,0.295322172368743
461,PSO-SVM,swarm,pso_top10,3,0,1,0.770230964334203
463,PSO-SVM,swarm,pso_top10,3,1,1,0.7750460918697046
472,PSO-SVM,swarm,pso_top10,3,0,1,0.7727953494749885
474,PSO-SVM,swarm,pso_top10,3,1,1,0.8109559358517159
476,PSO-SVM,swarm,pso_top10,3,1,1,0.7036506170748901
481,PSO-SVM,swarm,pso_top10,3,1,1,0.669947715407531
482,PSO-SVM,swarm,pso_top10,3,1,1,0.693202306277212
488,PSO-SVM,swarm,pso_top10,3,1,1,0.7999120873529332
499,PSO-SVM,swarm,pso_top10,3,1,1,0.8142100887709013
502,PSO-SVM,swarm,pso_top10,3,1,1,0.7695631326920488
509,PSO-SVM,swarm,pso_top10,3,1,1,0.8477038643931767
513,PSO-SVM,swarm,pso_top10,3,1,1,0.7193393551836331
514,PSO-SVM,swarm,pso_top10,3,1,1,0.8162883998812139
572,PSO-SVM,swarm,pso_top10,3,1,1,0.7478512473294313
589,PSO-SVM,swarm,pso_top10,3,0,0,0.25033961327309207
592,PSO-SVM,swarm,pso_top10,3,1,1,0.7214425572882496
598,PSO-SVM,swarm,pso_top10,3,1,1,0.8716479210246969
600,PSO-SVM,swarm,pso_top10,3,1,1,0.7932193352984439
601,PSO-SVM,swarm,pso_top10,3,1,1,0.7679122691992818
612,PSO-SVM,swarm,pso_top10,3,1,1,0.7788038814045187
645,PSO-SVM,swarm,pso_top10,3,1,1,0.8257179967462828
666,PSO-SVM,swarm,pso_top10,3,0,1,0.7530474161678283
668,PSO-SVM,swarm,pso_top10,3,0,1,0.7650727668660857
688,PSO-SVM,swarm,pso_top10,3,1,1,0.8205534271165487
696,PSO-SVM,swarm,pso_top10,3,0,0,0.03865904943966529
702,PSO-SVM,swarm,pso_top10,3,0,1,0.6421650936972144
715,PSO-SVM,swarm,pso_top10,3,1,1,0.7627805217398734
723,PSO-SVM,swarm,pso_top10,3,1,0,0.2851473535908516
727,PSO-SVM,swarm,pso_top10,3,0,1,0.7821417254495231
743,PSO-SVM,swarm,pso_top10,3,1,1,0.8315865204946059
9,PSO-SVM,swarm,pso_top10,4,1,1,0.770115842508555
13,PSO-SVM,swarm,pso_top10,4,1,1,0.7240004767060915
21,PSO-SVM,swarm,pso_top10,4,1,1,0.625309915385931
22,PSO-SVM,swarm,pso_top10,4,1,1,0.7800017296048766
28,PSO-SVM,swarm,pso_top10,4,1,1,0.8372713844479557
61,PSO-SVM,swarm,pso_top10,4,1,1,0.7852753801699374
72,PSO-SVM,swarm,pso_top10,4,0,0,0.2651092910180823
77,PSO-SVM,swarm,pso_top10,4,1,1,0.739609668454385
100,PSO-SVM,swarm,pso_top10,4,0,1,0.7019892789538879
104,PSO-SVM,swarm,pso_top10,4,0,0,0.38000765198365466
106,PSO-SVM,swarm,pso_top10,4,1,1,0.6477507077606708
116,PSO-SVM,swarm,pso_top10,4,1,1,0.7423544223234775
120,PSO-SVM,swarm,pso_top10,4,1,1,0.8069226187749869
126,PSO-SVM,swarm,pso_top10,4,0,1,0.7261538978273983
150,PSO-SVM,swarm,pso_top10,4,1,1,0.7561515734198291
157,PSO-SVM,swarm,pso_top10,4,1,1,0.8602691043703656
180,PSO-SVM,swarm,pso_top10,4,1,1,0.7698825896152156
191,PSO-SVM,swarm,pso_top10,4,1,1,0.7872356520371234
193,PSO-SVM,swarm,pso_top10,4,1,1,0.8685765465466959
206,PSO-SVM,swarm,pso_top10,4,1,1,0.9191680952993985
211,PSO-SVM,swarm,pso_top10,4,1,1,0.8259190150597018
229,PSO-SVM,swarm,pso_top10,4,1,1,0.8058489175979526
260,PSO-SVM,swarm,pso_top10,4,1,1,0.8226618994256248
264,PSO-SVM,swarm,pso_top10,4,1,1,0.5266572463973047
269,PSO-SVM,swarm,pso_top10,4,0,0,0.20777555263606717
282,PSO-SVM,swarm,pso_top10,4,1,1,0.7380423007768044
284,PSO-SVM,swarm,pso_top10,4,1,1,0.7381469469531544
290,PSO-SVM,swarm,pso_top10,4,0,1,0.5806690698479029
297,PSO-SVM,swarm,pso_top10,4,1,1,0.5810220007595169
312,PSO-SVM,swarm,pso_top10,4,1,1,0.7284880702111395
320,PSO-SVM,swarm,pso_top10,4,1,1,0.7706388202530171
324,PSO-SVM,swarm,pso_top10,4,1,1,0.9098610679125557
331,PSO-SVM,swarm,pso_top10,4,1,1,0.7637502877225321
337,PSO-SVM,swarm,pso_top10,4,1,1,0.8057334228507883
344,PSO-SVM,swarm,pso_top10,4,1,1,0.8225434009017318
400,PSO-SVM,swarm,pso_top10,4,1,1,0.7236395631559573
424,PSO-SVM,swarm,pso_top10,4,1,1,0.7549441481477314
425,PSO-SVM,swarm,pso_top10,4,1,1,0.8011394186032259
436,PSO-SVM,swarm,pso_top10,4,1,1,0.5601124223171493
438,PSO-SVM,swarm,pso_top10,4,1,1,0.8795820204386134
455,PSO-SVM,swarm,pso_top10,4,1,1,0.7879840130818918
477,PSO-SVM,swarm,pso_top10,4,1,1,0.7674333827126443
484,PSO-SVM,swarm,pso_top10,4,1,1,0.7242961101385487
489,PSO-SVM,swarm,pso_top10,4,0,1,0.6830209147227141
507,PSO-SVM,swarm,pso_top10,4,1,1,0.8145371176054297
517,PSO-SVM,swarm,pso_top10,4,1,1,0.9312996568668177
528,PSO-SVM,swarm,pso_top10,4,1,0,0.2856202322626323
533,PSO-SVM,swarm,pso_top10,4,1,1,0.5679434792965495
536,PSO-SVM,swarm,pso_top10,4,0,0,0.2209087152124803
540,PSO-SVM,swarm,pso_top10,4,0,0,0.04759059902717724
550,PSO-SVM,swarm,pso_top10,4,1,1,0.730354412384877
552,PSO-SVM,swarm,pso_top10,4,1,1,0.802443324603002
554,PSO-SVM,swarm,pso_top10,4,1,1,0.7672028633628756
557,PSO-SVM,swarm,pso_top10,4,1,0,0.4481246838115471
561,PSO-SVM,swarm,pso_top10,4,0,0,0.06752397389555446
569,PSO-SVM,swarm,pso_top10,4,0,0,0.06535903327050775
571,PSO-SVM,swarm,pso_top10,4,1,1,0.7582325614611449
586,PSO-SVM,swarm,pso_top10,4,0,1,0.7349568719195977
590,PSO-SVM,swarm,pso_top10,4,0,0,0.2758920304773609
595,PSO-SVM,swarm,pso_top10,4,0,0,0.4840929972086525
615,PSO-SVM,swarm,pso_top10,4,1,1,0.7224989360802508
617,PSO-SVM,swarm,pso_top10,4,1,1,0.7391030375784775
624,PSO-SVM,swarm,pso_top10,4,1,1,0.7239463808421165
625,PSO-SVM,swarm,pso_top10,4,1,1,0.7134131724333322
644,PSO-SVM,swarm,pso_top10,4,1,1,0.810102224151043
647,PSO-SVM,swarm,pso_top10,4,1,1,0.8610056761937798
649,PSO-SVM,swarm,pso_top10,4,0,0,0.2248660948028661
652,PSO-SVM,swarm,pso_top10,4,1,1,0.7565715790288623
659,PSO-SVM,swarm,pso_top10,4,0,1,0.7133332319033321
674,PSO-SVM,swarm,pso_top10,4,1,1,0.6882121261059483
694,PSO-SVM,swarm,pso_top10,4,1,1,0.7295413631030879
707,PSO-SVM,swarm,pso_top10,4,0,0,0.2996845736976136
717,PSO-SVM,swarm,pso_top10,4,1,1,0.7532601499087545
734,PSO-SVM,swarm,pso_top10,4,0,0,0.02551317687029019
741,PSO-SVM,swarm,pso_top10,4,1,1,0.7987005248439683
753,PSO-SVM,swarm,pso_top10,4,0,0,0.1147258774791731
2,PSO-SVM,swarm,pso_top10,5,1,1,0.7305665197524374
6,PSO-SVM,swarm,pso_top10,5,1,1,0.5908739572107639
12,PSO-SVM,swarm,pso_top10,5,1,1,0.6812389730996216
16,PSO-SVM,swarm,pso_top10,5,1,1,0.8172960101238682
23,PSO-SVM,swarm,pso_top10,5,1,1,0.5051389408413268
29,PSO-SVM,swarm,pso_top10,5,1,1,0.8217549462337022
45,PSO-SVM,swarm,pso_top10,5,1,1,0.8124321888627407
64,PSO-SVM,swarm,pso_top10,5,1,1,0.7450632024172712
68,PSO-SVM,swarm,pso_top10,5,1,0,0.41481376067935016
79,PSO-SVM,swarm,pso_top10,5,0,0,0.4400156228774582
81,PSO-SVM,swarm,pso_top10,5,0,1,0.7727485287379571
92,PSO-SVM,swarm,pso_top10,5,1,1,0.885416686247816
101,PSO-SVM,swarm,pso_top10,5,0,1,0.6919482388938524
105,PSO-SVM,swarm,pso_top10,5,1,1,0.7599731758698933
108,PSO-SVM,swarm,pso_top10,5,1,1,0.6212832858091212
118,PSO-SVM,swarm,pso_top10,5,1,1,0.7477228310055696
124,PSO-SVM,swarm,pso_top10,5,0,0,0.07102362215284293
130,PSO-SVM,swarm,pso_top10,5,1,1,0.783872544942137
136,PSO-SVM,swarm,pso_top10,5,0,1,0.5521108565950823
143,PSO-SVM,swarm,pso_top10,5,0,0,0.391766791436678
164,PSO-SVM,swarm,pso_top10,5,1,1,0.8364535271326233
185,PSO-SVM,swarm,pso_top10,5,1,1,0.7794874671358981
196,PSO-SVM,swarm,pso_top10,5,0,1,0.7281164060082059
249,PSO-SVM,swarm,pso_top10,5,0,1,0.7544222838592624
253,PSO-SVM,swarm,pso_top10,5,1,1,0.749161749559618
257,PSO-SVM,swarm,pso_top10,5,1,1,0.7085616943820869
263,PSO-SVM,swarm,pso_top10,5,1,1,0.699810927316951
265,PSO-SVM,swarm,pso_top10,5,1,1,0.7937718668228628
274,PSO-SVM,swarm,pso_top10,5,1,1,0.7455142131614669
276,PSO-SVM,swarm,pso_top10,5,1,1,0.6562013336249913
280,PSO-SVM,swarm,pso_top10,5,1,1,0.6518311985475451
293,PSO-SVM,swarm,pso_top10,5,1,1,0.8793128810404552
303,PSO-SVM,swarm,pso_top10,5,1,1,0.8073581010172147
321,PSO-SVM,swarm,pso_top10,5,1,1,0.7000438980812681
326,PSO-SVM,swarm,pso_top10,5,1,1,0.8221990799867432
329,PSO-SVM,swarm,pso_top10,5,1,1,0.7511135005613175
358,PSO-SVM,swarm,pso_top10,5,0,0,0.0782357053345516
370,PSO-SVM,swarm,pso_top10,5,0,1,0.6869135189715174
371,PSO-SVM,swarm,pso_top10,5,0,1,0.6782405682465192
373,PSO-SVM,swarm,pso_top10,5,1,1,0.8060505130010253
382,PSO-SVM,swarm,pso_top10,5,1,1,0.8121486856832907
386,PSO-SVM,swarm,pso_top10,5,1,1,0.8228142171161765
408,PSO-SVM,swarm,pso_top10,5,0,1,0.505179078134228
409,PSO-SVM,swarm,pso_top10,5,0,1,0.5962543705910321
417,PSO-SVM,swarm,pso_top10,5,1,1,0.8684796898014198
427,PSO-SVM,swarm,pso_top10,5,1,1,0.8834986372421657
465,PSO-SVM,swarm,pso_top10,5,1,1,0.7636313491138272
479,PSO-SVM,swarm,pso_top10,5,1,1,0.7528186421205896
480,PSO-SVM,swarm,pso_top10,5,1,1,0.6721105681032327
504,PSO-SVM,swarm,pso_top10,5,1,1,0.8122890870000479
506,PSO-SVM,swarm,pso_top10,5,1,1,0.7964495178746875
519,PSO-SVM,swarm,pso_top10,5,0,0,0.26365211069746336
524,PSO-SVM,swarm,pso_top10,5,1,1,0.8261210041477994
538,PSO-SVM,swarm,pso_top10,5,1,1,0.9254312845433894
544,PSO-SVM,swarm,pso_top10,5,1,1,0.7354819241042212
547,PSO-SVM,swarm,pso_top10,5,1,1,0.7286718307762171
562,PSO-SVM,swarm,pso_top10,5,0,0,0.06856095887243795
566,PSO-SVM,swarm,pso_top10,5,1,1,0.8115373312398865
575,PSO-SVM,swarm,pso_top10,5,1,1,0.8438704874948154
579,PSO-SVM,swarm,pso_top10,5,1,1,0.7524645975077489
582,PSO-SVM,swarm,pso_top10,5,0,0,0.3329762209697073
583,PSO-SVM,swarm,pso_top10,5,0,1,0.5374677778379158
619,PSO-SVM,swarm,pso_top10,5,1,1,0.8742976728673888
623,PSO-SVM,swarm,pso_top10,5,1,1,0.8147794881290291
628,PSO-SVM,swarm,pso_top10,5,1,1,0.7436382943992161
638,PSO-SVM,swarm,pso_top10,5,1,1,0.6773551971854397
655,PSO-SVM,swarm,pso_top10,5,1,1,0.7882020936380988
683,PSO-SVM,swarm,pso_top10,5,1,1,0.8338468001671948
687,PSO-SVM,swarm,pso_top10,5,1,1,0.7418052386198309
693,PSO-SVM,swarm,pso_top10,5,1,1,0.7460858419892473
708,PSO-SVM,swarm,pso_top10,5,1,1,0.6822827516509316
716,PSO-SVM,swarm,pso_top10,5,1,1,0.7724699858387536
726,PSO-SVM,swarm,pso_top10,5,0,1,0.7143276569037492
747,PSO-SVM,swarm,pso_top10,5,1,1,0.7084560556483623
750,PSO-SVM,swarm,pso_top10,5,0,0,0.13436246620025336
752,PSO-SVM,swarm,pso_top10,5,0,1,0.9116591544215213
5,PSO-SVM,swarm,pso_top10,6,1,1,0.8963216781450428
43,PSO-SVM,swarm,pso_top10,6,0,1,0.776502359163136
46,PSO-SVM,swarm,pso_top10,6,1,1,0.8197545367607582
67,PSO-SVM,swarm,pso_top10,6,1,1,0.5195016450870638
69,PSO-SVM,swarm,pso_top10,6,1,1,0.738077804351889
74,PSO-SVM,swarm,pso_top10,6,0,0,0.10639385242648625
76,PSO-SVM,swarm,pso_top10,6,1,1,0.8218820476033087
85,PSO-SVM,swarm,pso_top10,6,1,1,0.8069268932273871
87,PSO-SVM,swarm,pso_top10,6,0,0,0.4728493716886334
95,PSO-SVM,swarm,pso_top10,6,1,1,0.7294206389972079
102,PSO-SVM,swarm,pso_top10,6,0,1,0.6301146840220657
103,PSO-SVM,swarm,pso_top10,6,0,1,0.5749544586968174
132,PSO-SVM,swarm,pso_top10,6,1,1,0.7048179377154783
140,PSO-SVM,swarm,pso_top10,6,1,1,0.7949874247780814
142,PSO-SVM,swarm,pso_top10,6,0,0,0.3096413094176923
155,PSO-SVM,swarm,pso_top10,6,1,1,0.8249931602645274
161,PSO-SVM,swarm,pso_top10,6,1,1,0.7484729982323166
165,PSO-SVM,swarm,pso_top10,6,1,1,0.7455811794832716
166,PSO-SVM,swarm,pso_top10,6,1,1,0.7262279714611558
176,PSO-SVM,swarm,pso_top10,6,1,1,0.7542130607246261
183,PSO-SVM,swarm,pso_top10,6,1,1,0.771888910625397
190,PSO-SVM,swarm,pso_top10,6,1,1,0.7596152050798421
197,PSO-SVM,swarm,pso_top10,6,0,1,0.7273795803524644
201,PSO-SVM,swarm,pso_top10,6,1,1,0.5739015505163373
222,PSO-SVM,swarm,pso_top10,6,1,1,0.771945115360428
232,PSO-SVM,swarm,pso_top10,6,1,1,0.9001705633964113
234,PSO-SVM,swarm,pso_top10,6,0,1,0.7274533593729279
245,PSO-SVM,swarm,pso_top10,6,1,1,0.9146362102144462
258,PSO-SVM,swarm,pso_top10,6,1,1,0.7652559158672797
271,PSO-SVM,swarm,pso_top10,6,1,1,0.8310533098665687
291,PSO-SVM,swarm,pso_top10,6,1,1,0.8945721008749921
300,PSO-SVM,swarm,pso_top10,6,1,1,0.8500429507403198
309,PSO-SVM,swarm,pso_top10,6,0,1,0.5271763991902858
317,PSO-SVM,swarm,pso_top10,6,1,1,0.8607370282961921
342,PSO-SVM,swarm,pso_top10,6,1,1,0.7464422078981426
346,PSO-SVM,swarm,pso_top10,6,1,1,0.867006836248958
347,PSO-SVM,swarm,pso_top10,6,1,1,0.8666447814918194
363,PSO-SVM,swarm,pso_top10,6,1,1,0.6889256439072626
364,PSO-SVM,swarm,pso_top10,6,1,1,0.7221402550323632
367,PSO-SVM,swarm,pso_top10,6,1,1,0.7896382505274455
380,PSO-SVM,swarm,pso_top10,6,1,1,0.7398298693618741
384,PSO-SVM,swarm,pso_top10,6,1,1,0.6349391539484877
395,PSO-SVM,swarm,pso_top10,6,0,0,0.2768972292704396
399,PSO-SVM,swarm,pso_top10,6,1,1,0.7323898427126655
418,PSO-SVM,swarm,pso_top10,6,1,1,0.9133172185374938
421,PSO-SVM,swarm,pso_top10,6,1,1,0.8372536502801788
426,PSO-SVM,swarm,pso_top10,6,1,1,0.8092778951215477
449,PSO-SVM,swarm,pso_top10,6,0,0,0.1813079554315185
450,PSO-SVM,swarm,pso_top10,6,1,1,0.909977997613484
462,PSO-SVM,swarm,pso_top10,6,1,1,0.7694557991366847
466,PSO-SVM,swarm,pso_top10,6,1,1,0.8224045269114599
475,PSO-SVM,swarm,pso_top10,6,1,1,0.6986623451524944
493,PSO-SVM,swarm,pso_top10,6,1,1,0.7625006244423613
535,PSO-SVM,swarm,pso_top10,6,0,1,0.574663673254885
556,PSO-SVM,swarm,pso_top10,6,1,1,0.6875860769489268
563,PSO-SVM,swarm,pso_top10,6,0,0,0.3088267982594936
570,PSO-SVM,swarm,pso_top10,6,1,1,0.7411505166457443
581,PSO-SVM,swarm,pso_top10,6,1,1,0.7965694148689105
584,PSO-SVM,swarm,pso_top10,6,0,0,0.21117190507821246
604,PSO-SVM,swarm,pso_top10,6,1,1,0.5533766750438792
607,PSO-SVM,swarm,pso_top10,6,1,1,0.8217589729677772
622,PSO-SVM,swarm,pso_top10,6,1,1,0.8498418362099072
626,PSO-SVM,swarm,pso_top10,6,1,1,0.7359246050907109
636,PSO-SVM,swarm,pso_top10,6,1,0,0.2994911731765856
654,PSO-SVM,swarm,pso_top10,6,1,1,0.7167627751922788
667,PSO-SVM,swarm,pso_top10,6,0,1,0.7424455145672556
681,PSO-SVM,swarm,pso_top10,6,1,1,0.8195891993892706
685,PSO-SVM,swarm,pso_top10,6,1,1,0.830207062319008
706,PSO-SVM,swarm,pso_top10,6,0,0,0.30257304060353807
710,PSO-SVM,swarm,pso_top10,6,1,1,0.7245919711766591
713,PSO-SVM,swarm,pso_top10,6,0,1,0.6180235170094474
722,PSO-SVM,swarm,pso_top10,6,1,1,0.7354916002949976
731,PSO-SVM,swarm,pso_top10,6,1,1,0.7348477539377687
737,PSO-SVM,swarm,pso_top10,6,0,1,0.8068419342015103
751,PSO-SVM,swarm,pso_top10,6,0,0,0.1275616386309528
754,PSO-SVM,swarm,pso_top10,6,0,0,0.48599589543201743
8,PSO-SVM,swarm,pso_top10,7,1,1,0.5039769324097324
35,PSO-SVM,swarm,pso_top10,7,0,1,0.6314968760921678
49,PSO-SVM,swarm,pso_top10,7,1,1,0.8409879537314379
53,PSO-SVM,swarm,pso_top10,7,1,1,0.7031012957246882
54,PSO-SVM,swarm,pso_top10,7,1,1,0.7725419214734358
63,PSO-SVM,swarm,pso_top10,7,1,1,0.8085267761100104
82,PSO-SVM,swarm,pso_top10,7,0,1,0.7462306106213623
98,PSO-SVM,swarm,pso_top10,7,1,1,0.7671602001012164
110,PSO-SVM,swarm,pso_top10,7,1,1,0.7664157556412281
129,PSO-SVM,swarm,pso_top10,7,1,1,0.7366083264638641
138,PSO-SVM,swarm,pso_top10,7,1,1,0.6754670358452848
153,PSO-SVM,swarm,pso_top10,7,1,1,0.7910056535941844
178,PSO-SVM,swarm,pso_top10,7,1,1,0.804156732850695
189,PSO-SVM,swarm,pso_top10,7,1,1,0.7563510551426827
192,PSO-SVM,swarm,pso_top10,7,1,1,0.8777803259155578
214,PSO-SVM,swarm,pso_top10,7,1,1,0.7577990472431048
225,PSO-SVM,swarm,pso_top10,7,0,1,0.5683885892913411
226,PSO-SVM,swarm,pso_top10,7,0,1,0.610484416095864
238,PSO-SVM,swarm,pso_top10,7,1,1,0.7076994754602264
241,PSO-SVM,swarm,pso_top10,7,1,1,0.741093296138155
247,PSO-SVM,swarm,pso_top10,7,1,1,0.7259823589160186
259,PSO-SVM,swarm,pso_top10,7,1,1,0.7420872631826197
292,PSO-SVM,swarm,pso_top10,7,1,1,0.7331276020008852
299,PSO-SVM,swarm,pso_top10,7,1,1,0.5818676979262666
310,PSO-SVM,swarm,pso_top10,7,0,1,0.7656988405354672
313,PSO-SVM,swarm,pso_top10,7,1,1,0.8141910020821509
316,PSO-SVM,swarm,pso_top10,7,1,1,0.7713309428979932
340,PSO-SVM,swarm,pso_top10,7,1,1,0.7732850135109475
353,PSO-SVM,swarm,pso_top10,7,1,1,0.7624566436229208
356,PSO-SVM,swarm,pso_top10,7,1,1,0.7917589632740933
357,PSO-SVM,swarm,pso_top10,7,0,0,0.08534505105857015
360,PSO-SVM,swarm,pso_top10,7,1,1,0.7195150273341905
365,PSO-SVM,swarm,pso_top10,7,1,1,0.7138463407703666
389,PSO-SVM,swarm,pso_top10,7,1,1,0.7393711070964004
398,PSO-SVM,swarm,pso_top10,7,0,0,0.03386517021856349
401,PSO-SVM,swarm,pso_top10,7,1,1,0.685377823125063
405,PSO-SVM,swarm,pso_top10,7,0,0,0.33053951711219853
406,PSO-SVM,swarm,pso_top10,7,0,0,0.29411210851715563
411,PSO-SVM,swarm,pso_top10,7,1,1,0.9129838601320914
412,PSO-SVM,swarm,pso_top10,7,1,1,0.8916951982609336
428,PSO-SVM,swarm,pso_top10,7,1,1,0.8258453225289046
431,PSO-SVM,swarm,pso_top10,7,1,1,0.7389463513511534
435,PSO-SVM,swarm,pso_top10,7,1,1,0.6940990302027634
441,PSO-SVM,swarm,pso_top10,7,1,1,0.7209863409852785
446,PSO-SVM,swarm,pso_top10,7,1,1,0.7149250225097069
453,PSO-SVM,swarm,pso_top10,7,1,1,0.7854191938766601
460,PSO-SVM,swarm,pso_top10,7,0,1,0.7751375950045829
467,PSO-SVM,swarm,pso_top10,7,1,1,0.5626499159797034
468,PSO-SVM,swarm,pso_top10,7,0,0,0.36431487759105846
487,PSO-SVM,swarm,pso_top10,7,1,1,0.7783508740088559
491,PSO-SVM,swarm,pso_top10,7,0,1,0.6859830760547738
498,PSO-SVM,swarm,pso_top10,7,1,1,0.7970328948549122
526,PSO-SVM,swarm,pso_top10,7,1,1,0.6971641816970978
537,PSO-SVM,swarm,pso_top10,7,1,1,0.7781256719692211
539,PSO-SVM,swarm,pso_top10,7,1,1,0.7943313112997313
576,PSO-SVM,swarm,pso_top10,7,0,0,0.12303844333077349
580,PSO-SVM,swarm,pso_top10,7,1,1,0.7409887667682596
588,PSO-SVM,swarm,pso_top10,7,0,0,0.4646461863010115
593,PSO-SVM,swarm,pso_top10,7,1,1,0.6461627781004712
605,PSO-SVM,swarm,pso_top10,7,1,1,0.6357837891190753
614,PSO-SVM,swarm,pso_top10,7,1,1,0.7445050232249261
637,PSO-SVM,swarm,pso_top10,7,1,0,0.47221099205179146
661,PSO-SVM,swarm,pso_top10,7,1,1,0.7669071582514484
663,PSO-SVM,swarm,pso_top10,7,0,0,0.30885730165282116
664,PSO-SVM,swarm,pso_top10,7,0,0,0.18829159486693833
670,PSO-SVM,swarm,pso_top10,7,1,1,0.7827476035830107
679,PSO-SVM,swarm,pso_top10,7,1,1,0.8296423201578425
682,PSO-SVM,swarm,pso_top10,7,1,1,0.8768877756607969
686,PSO-SVM,swarm,pso_top10,7,1,1,0.8010736081685635
703,PSO-SVM,swarm,pso_top10,7,0,0,0.4582575431831949
711,PSO-SVM,swarm,pso_top10,7,0,0,0.3483093958123976
718,PSO-SVM,swarm,pso_top10,7,1,1,0.7196534493111068
721,PSO-SVM,swarm,pso_top10,7,1,1,0.7379323663967571
725,PSO-SVM,swarm,pso_top10,7,1,1,0.5638022275382544
728,PSO-SVM,swarm,pso_top10,7,0,1,0.7306991104310863
14,PSO-SVM,swarm,pso_top10,8,1,1,0.7539478846106763
17,PSO-SVM,swarm,pso_top10,8,1,1,0.8076537964812214
42,PSO-SVM,swarm,pso_top10,8,0,1,0.7384127777072461
47,PSO-SVM,swarm,pso_top10,8,1,1,0.8428080589546161
73,PSO-SVM,swarm,pso_top10,8,0,0,0.05283800723695384
78,PSO-SVM,swarm,pso_top10,8,0,1,0.5614913258850752
88,PSO-SVM,swarm,pso_top10,8,0,0,0.45348149300873036
90,PSO-SVM,swarm,pso_top10,8,1,1,0.8361146563243314
91,PSO-SVM,swarm,pso_top10,8,1,1,0.8146193173010169
107,PSO-SVM,swarm,pso_top10,8,1,1,0.6642528673471791
112,PSO-SVM,swarm,pso_top10,8,1,1,0.7424648498668469
159,PSO-SVM,swarm,pso_top10,8,1,1,0.7010372278964809
172,PSO-SVM,swarm,pso_top10,8,1,1,0.8467039127364134
173,PSO-SVM,swarm,pso_top10,8,1,1,0.836055559306235
177,PSO-SVM,swarm,pso_top10,8,1,1,0.7556276014548341
187,PSO-SVM,swarm,pso_top10,8,1,1,0.8338339860100246
199,PSO-SVM,swarm,pso_top10,8,1,1,0.8089329222008947
213,PSO-SVM,swarm,pso_top10,8,1,1,0.74262060261556
216,PSO-SVM,swarm,pso_top10,8,1,1,0.8065417867591215
221,PSO-SVM,swarm,pso_top10,8,0,1,0.6875278363660469
223,PSO-SVM,swarm,pso_top10,8,1,1,0.833503205538875
230,PSO-SVM,swarm,pso_top10,8,1,1,0.790660622954747
235,PSO-SVM,swarm,pso_top10,8,0,1,0.7459698628625464
237,PSO-SVM,swarm,pso_top10,8,1,1,0.7712690306555875
248,PSO-SVM,swarm,pso_top10,8,1,1,0.7691038084688214
266,PSO-SVM,swarm,pso_top10,8,1,1,0.7231687491981326
277,PSO-SVM,swarm,pso_top10,8,1,1,0.796038058947626
285,PSO-SVM,swarm,pso_top10,8,1,1,0.8351860044668247
288,PSO-SVM,swarm,pso_top10,8,0,0,0.41924453770384973
304,PSO-SVM,swarm,pso_top10,8,1,1,0.834473815434989
307,PSO-SVM,swarm,pso_top10,8,1,1,0.8437533235357761
332,PSO-SVM,swarm,pso_top10,8,1,1,0.780523278478902
338,PSO-SVM,swarm,pso_top10,8,1,1,0.8074874289293245
348,PSO-SVM,swarm,pso_top10,8,1,1,0.9002134509802818
351,PSO-SVM,swarm,pso_top10,8,1,1,0.7134560988070751
359,PSO-SVM,swarm,pso_top10,8,0,0,0.046579070598991384
361,PSO-SVM,swarm,pso_top10,8,1,1,0.7162456893849048
422,PSO-SVM,swarm,pso_top10,8,1,1,0.8481252802925306
429,PSO-SVM,swarm,pso_top10,8,1,1,0.7503258077217203
430,PSO-SVM,swarm,pso_top10,8,1,1,0.7120190439741041
442,PSO-SVM,swarm,pso_top10,8,1,1,0.6436134907301229
445,PSO-SVM,swarm,pso_top10,8,1,1,0.7461411439455646
451,PSO-SVM,swarm,pso_top10,8,1,1,0.5769768863641331
457,PSO-SVM,swarm,pso_top10,8,1,1,0.7160583519845433
458,PSO-SVM,swarm,pso_top10,8,1,1,0.7222161925365675
464,PSO-SVM,swarm,pso_top10,8,1,1,0.8214761685419606
478,PSO-SVM,swarm,pso_top10,8,1,1,0.738245264587243
483,PSO-SVM,swarm,pso_top10,8,1,1,0.8884797512224979
486,PSO-SVM,swarm,pso_top10,8,1,1,0.8025763078871776
497,PSO-SVM,swarm,pso_top10,8,1,1,0.7071126524649258
500,PSO-SVM,swarm,pso_top10,8,1,1,0.800623599534378
516,PSO-SVM,swarm,pso_top10,8,1,1,0.6409476851737759
525,PSO-SVM,swarm,pso_top10,8,1,1,0.5404441828890475
543,PSO-SVM,swarm,pso_top10,8,1,1,0.7219142051211546
559,PSO-SVM,swarm,pso_top10,8,1,1,0.7427999249171878
565,PSO-SVM,swarm,pso_top10,8,1,1,0.7650314990173754
568,PSO-SVM,swarm,pso_top10,8,0,0,0.1524780100428892
591,PSO-SVM,swarm,pso_top10,8,1,0,0.4274582308829159
609,PSO-SVM,swarm,pso_top10,8,0,1,0.704882642582233
618,PSO-SVM,swarm,pso_top10,8,1,1,0.8672258880944049
639,PSO-SVM,swarm,pso_top10,8,0,1,0.702074785080796
643,PSO-SVM,swarm,pso_top10,8,1,1,0.8381215137545004
648,PSO-SVM,swarm,pso_top10,8,0,0,0.31348943707310617
651,PSO-SVM,swarm,pso_top10,8,1,1,0.7761251966302047
658,PSO-SVM,swarm,pso_top10,8,0,1,0.7469043492085404
665,PSO-SVM,swarm,pso_top10,8,0,1,0.7348417177509612
672,PSO-SVM,swarm,pso_top10,8,1,1,0.798955818022728
677,PSO-SVM,swarm,pso_top10,8,1,1,0.7020930408430975
698,PSO-SVM,swarm,pso_top10,8,0,0,0.19522242637318502
712,PSO-SVM,swarm,pso_top10,8,0,0,0.3921204729291126
719,PSO-SVM,swarm,pso_top10,8,1,1,0.7773711373615443
735,PSO-SVM,swarm,pso_top10,8,0,1,0.8060381990977872
736,PSO-SVM,swarm,pso_top10,8,0,1,0.8185647977459661
740,PSO-SVM,swarm,pso_top10,8,0,1,0.5033888746097581
748,PSO-SVM,swarm,pso_top10,8,1,1,0.6772508370595626
4,PSO-SVM,swarm,pso_top10,9,1,1,0.8014835525665669
7,PSO-SVM,swarm,pso_top10,9,1,0,0.4985681625240139
24,PSO-SVM,swarm,pso_top10,9,1,1,0.5371540422281474
75,PSO-SVM,swarm,pso_top10,9,1,1,0.7516640538426635
89,PSO-SVM,swarm,pso_top10,9,0,0,0.256123200277741
94,PSO-SVM,swarm,pso_top10,9,1,1,0.7328412807632392
115,PSO-SVM,swarm,pso_top10,9,1,1,0.7741614918816023
123,PSO-SVM,swarm,pso_top10,9,0,0,0.05280761085488199
128,PSO-SVM,swarm,pso_top10,9,0,1,0.7329969441295621
149,PSO-SVM,swarm,pso_top10,9,0,0,0.1293582978491286
163,PSO-SVM,swarm,pso_top10,9,1,1,0.7718051833693536
169,PSO-SVM,swarm,pso_top10,9,1,1,0.8405769315740326
174,PSO-SVM,swarm,pso_top10,9,1,1,0.7286283214624897
194,PSO-SVM,swarm,pso_top10,9,1,1,0.8595532417400383
195,PSO-SVM,swarm,pso_top10,9,0,1,0.7318914643421468
202,PSO-SVM,swarm,pso_top10,9,1,0,0.3190751938675814
212,PSO-SVM,swarm,pso_top10,9,1,1,0.796365611528229
219,PSO-SVM,swarm,pso_top10,9,0,1,0.7496145771085286
224,PSO-SVM,swarm,pso_top10,9,1,1,0.6936319972278491
227,PSO-SVM,swarm,pso_top10,9,0,1,0.5750313426756386
233,PSO-SVM,swarm,pso_top10,9,1,1,0.902859904510083
243,PSO-SVM,swarm,pso_top10,9,1,1,0.606182374562659
244,PSO-SVM,swarm,pso_top10,9,1,1,0.8039282091615205
251,PSO-SVM,swarm,pso_top10,9,0,1,0.7498581565699193
254,PSO-SVM,swarm,pso_top10,9,1,1,0.758399106173417
278,PSO-SVM,swarm,pso_top10,9,1,1,0.8270077619299266
279,PSO-SVM,swarm,pso_top10,9,1,1,0.6582819572433481
281,PSO-SVM,swarm,pso_top10,9,1,1,0.7354609803251962
298,PSO-SVM,swarm,pso_top10,9,1,1,0.568633064530054
306,PSO-SVM,swarm,pso_top10,9,1,1,0.8957168162613909
349,PSO-SVM,swarm,pso_top10,9,1,1,0.8472972046308553
362,PSO-SVM,swarm,pso_top10,9,1,1,0.7325642306001481
366,PSO-SVM,swarm,pso_top10,9,1,1,0.7607288203896767
374,PSO-SVM,swarm,pso_top10,9,1,1,0.8514490259995681
387,PSO-SVM,swarm,pso_top10,9,1,1,0.7536782763050062
390,PSO-SVM,swarm,pso_top10,9,0,1,0.7072562239302328
397,PSO-SVM,swarm,pso_top10,9,0,0,0.11395586192500667
403,PSO-SVM,swarm,pso_top10,9,1,1,0.851390180051448
407,PSO-SVM,swarm,pso_top10,9,0,0,0.41861875242144564
414,PSO-SVM,swarm,pso_top10,9,1,1,0.667806484777837
432,PSO-SVM,swarm,pso_top10,9,1,1,0.7716222249964387
433,PSO-SVM,swarm,pso_top10,9,1,1,0.8199235264881577
440,PSO-SVM,swarm,pso_top10,9,1,1,0.849280054832318
443,PSO-SVM,swarm,pso_top10,9,1,1,0.7645251929563177
444,PSO-SVM,swarm,pso_top10,9,1,1,0.6085055304071701
448,PSO-SVM,swarm,pso_top10,9,0,0,0.2358282416387606
473,PSO-SVM,swarm,pso_top10,9,0,1,0.7476478000519812
485,PSO-SVM,swarm,pso_top10,9,1,1,0.7213565425011788
495,PSO-SVM,swarm,pso_top10,9,1,1,0.8354796895212578
508,PSO-SVM,swarm,pso_top10,9,1,1,0.8514904453403134
515,PSO-SVM,swarm,pso_top10,9,1,1,0.725503432303607
518,PSO-SVM,swarm,pso_top10,9,1,0,0.23547283334150526
529,PSO-SVM,swarm,pso_top10,9,1,0,0.2872855918311006
532,PSO-SVM,swarm,pso_top10,9,1,0,0.48811975433517096
541,PSO-SVM,swarm,pso_top10,9,0,0,0.007152279662854729
545,PSO-SVM,swarm,pso_top10,9,1,1,0.8665831112340208
574,PSO-SVM,swarm,pso_top10,9,1,1,0.7480672085920832
577,PSO-SVM,swarm,pso_top10,9,0,0,0.3687556986246769
578,PSO-SVM,swarm,pso_top10,9,0,0,0.13628247894809123
596,PSO-SVM,swarm,pso_top10,9,0,0,0.14387257838317558
631,PSO-SVM,swarm,pso_top10,9,0,1,0.7666353117000075
633,PSO-SVM,swarm,pso_top10,9,1,1,0.8933529581311177
634,PSO-SVM,swarm,pso_top10,9,1,1,0.876154763321063
642,PSO-SVM,swarm,pso_top10,9,1,1,0.8159956727277146
653,PSO-SVM,swarm,pso_top10,9,1,1,0.8355280405866349
678,PSO-SVM,swarm,pso_top10,9,1,1,0.7473830414074064
690,PSO-SVM,swarm,pso_top10,9,1,1,0.767082075362135
692,PSO-SVM,swarm,pso_top10,9,1,1,0.7522457997039725
695,PSO-SVM,swarm,pso_top10,9,1,1,0.716849204675335
697,PSO-SVM,swarm,pso_top10,9,0,0,0.06511080887234247
701,PSO-SVM,swarm,pso_top10,9,1,0,0.29951344992824547
714,PSO-SVM,swarm,pso_top10,9,1,1,0.782088891591709
720,PSO-SVM,swarm,pso_top10,9,1,1,0.7514314065488731
730,PSO-SVM,swarm,pso_top10,9,1,1,0.7413281657392429
742,PSO-SVM,swarm,pso_top10,9,1,1,0.8032379370531849
0,PSO-SVM,swarm,pso_top10,10,1,1,0.7609036061107173
1,PSO-SVM,swarm,pso_top10,10,1,1,0.7617318042939947
3,PSO-SVM,swarm,pso_top10,10,1,1,0.856025294768707
18,PSO-SVM,swarm,pso_top10,10,1,1,0.7517283626425308
30,PSO-SVM,swarm,pso_top10,10,1,1,0.8129186942898603
37,PSO-SVM,swarm,pso_top10,10,1,1,0.6857342371858567
38,PSO-SVM,swarm,pso_top10,10,1,1,0.7102752045710361
52,PSO-SVM,swarm,pso_top10,10,1,1,0.9293440928006493
58,PSO-SVM,swarm,pso_top10,10,1,1,0.8926036651596314
62,PSO-SVM,swarm,pso_top10,10,1,1,0.7931544579734966
71,PSO-SVM,swarm,pso_top10,10,1,1,0.9355134244442349
83,PSO-SVM,swarm,pso_top10,10,0,1,0.7710186058746407
99,PSO-SVM,swarm,pso_top10,10,0,1,0.7132388802906088
109,PSO-SVM,swarm,pso_top10,10,1,1,0.8029482867902898
111,PSO-SVM,swarm,pso_top10,10,1,1,0.7310332354348023
119,PSO-SVM,swarm,pso_top10,10,1,1,0.7653197295675157
122,PSO-SVM,swarm,pso_top10,10,1,1,0.842320401100313
141,PSO-SVM,swarm,pso_top10,10,0,0,0.4183987332273524
152,PSO-SVM,swarm,pso_top10,10,1,1,0.7801248234957552
175,PSO-SVM,swarm,pso_top10,10,1,1,0.7301939982481462
186,PSO-SVM,swarm,pso_top10,10,1,1,0.8499809208544631
188,PSO-SVM,swarm,pso_top10,10,1,1,0.805399140825527
205,PSO-SVM,swarm,pso_top10,10,1,1,0.9304145037850762
209,PSO-SVM,swarm,pso_top10,10,0,0,0.17695630389821168
210,PSO-SVM,swarm,pso_top10,10,1,1,0.8181358006380899
215,PSO-SVM,swarm,pso_top10,10,1,1,0.7772629688227196
236,PSO-SVM,swarm,pso_top10,10,0,1,0.7729747052504407
239,PSO-SVM,swarm,pso_top10,10,1,1,0.7573332043861954
240,PSO-SVM,swarm,pso_top10,10,1,1,0.6751194902888618
250,PSO-SVM,swarm,pso_top10,10,0,1,0.7510236405590831
252,PSO-SVM,swarm,pso_top10,10,1,1,0.7522803360332672
311,PSO-SVM,swarm,pso_top10,10,0,0,0.3561050446376349
314,PSO-SVM,swarm,pso_top10,10,1,1,0.8643272827187368
319,PSO-SVM,swarm,pso_top10,10,1,1,0.7670242320471353
330,PSO-SVM,swarm,pso_top10,10,1,1,0.796868296007258
334,PSO-SVM,swarm,pso_top10,10,0,1,0.7861868146958122
336,PSO-SVM,swarm,pso_top10,10,1,1,0.7606325510547911
343,PSO-SVM,swarm,pso_top10,10,1,1,0.8261421145306851
354,PSO-SVM,swarm,pso_top10,10,1,1,0.824227043228124
376,PSO-SVM,swarm,pso_top10,10,0,0,0.2610818151649263
381,PSO-SVM,swarm,pso_top10,10,1,1,0.822359285734206
383,PSO-SVM,swarm,pso_top10,10,1,1,0.8180739029106937
420,PSO-SVM,swarm,pso_top10,10,1,1,0.9059320475792795
437,PSO-SVM,swarm,pso_top10,10,1,1,0.7459295357341035
452,PSO-SVM,swarm,pso_top10,10,1,0,0.3933578974796279
456,PSO-SVM,swarm,pso_top10,10,1,1,0.7376363357939136
490,PSO-SVM,swarm,pso_top10,10,0,1,0.7052670003619227
492,PSO-SVM,swarm,pso_top10,10,1,1,0.7425153356645278
494,PSO-SVM,swarm,pso_top10,10,1,1,0.7484046676953617
527,PSO-SVM,swarm,pso_top10,10,1,0,0.23394716906380425
531,PSO-SVM,swarm,pso_top10,10,1,1,0.675837710128677
534,PSO-SVM,swarm,pso_top10,10,0,0,0.3287558563376866
548,PSO-SVM,swarm,pso_top10,10,1,1,0.742714927404677
551,PSO-SVM,swarm,pso_top10,10,1,1,0.7575988165590977
553,PSO-SVM,swarm,pso_top10,10,1,1,0.7800043841083267
585,PSO-SVM,swarm,pso_top10,10,0,1,0.6308563096576904
594,PSO-SVM,swarm,pso_top10,10,0,1,0.5490373398616744
597,PSO-SVM,swarm,pso_top10,10,1,1,0.8328850507807724
602,PSO-SVM,swarm,pso_top10,10,1,1,0.757646465054134
610,PSO-SVM,swarm,pso_top10,10,0,1,0.7411016337325196
616,PSO-SVM,swarm,pso_top10,10,1,1,0.7334666718310056
621,PSO-SVM,swarm,pso_top10,10,1,1,0.8011988490617865
627,PSO-SVM,swarm,pso_top10,10,1,1,0.6606280291280983
629,PSO-SVM,swarm,pso_top10,10,1,1,0.7117323280941882
635,PSO-SVM,swarm,pso_top10,10,1,1,0.8543612235387099
640,PSO-SVM,swarm,pso_top10,10,0,1,0.7465958553035223
650,PSO-SVM,swarm,pso_top10,10,0,0,0.26964936505433634
657,PSO-SVM,swarm,pso_top10,10,0,1,0.7063843529902522
669,PSO-SVM,swarm,pso_top10,10,1,1,0.784651377857434
676,PSO-SVM,swarm,pso_top10,10,1,1,0.7490498681673152
689,PSO-SVM,swarm,pso_top10,10,1,1,0.7352782536409742
691,PSO-SVM,swarm,pso_top10,10,1,1,0.7410848179793289
699,PSO-SVM,swarm,pso_top10,10,1,0,0.22637624473518375
705,PSO-SVM,swarm,pso_top10,10,0,0,0.4638079252190759
738,PSO-SVM,swarm,pso_top10,10,0,0,0.19079389711943864
